# Every library live on Libby. Tab separated: key, name, region, kind, places.
# Written by tools/seed_libraries.py, loaded into the database at startup.
1stsfgroup	1SFG (A)		public	1st special forces group
401go	401GO, Inc.		company	company
aamu	Alabama A&M University	USA	college
aarplibrary	AARP (staff)		company
aaschool	Architectural Association School of Architecture	United Kingdom	college
abashiri-library	Abashiri City Library	Japan	public
abc	Australian Broadcasting Corporation	Australia	company	abc reference
abclibrary	Appalachian Bible College	USA	college
abdulhameed	Abdul Hameed Shoman Public Library		public
aberdeenshirelibraries	Live Life Aberdeenshire Libraries	United Kingdom	public	aberchirder aboyne alford ballater balmedie banchory banff boddam cairnbulg cruden bay ellon fraserburgh huntly insch inverbervie inverurie kemnay kintore macduff mearns mintlaw new pitsligo newmachar newtonhill oldmeldrum peterhead portlethen rosehearty stonehaven strichen turriff westhill
abilene	Abilene PL & Tom Green CL		public
abilenetx	Abilene Public Library	USA	public	daniels recreation sears
abo	Akershus, Buskerud and Østfold County Library		public	fylkesbiblioteket
accairo	American Center Cairo - US Embassy Egypt	USA	company
accuro	Accuro		company
acj	Allegheny County Bureau of Corrections		company
acla	Carnegie Library of Pittsburgh		public	acla allegheny association andrew bayne avalon baldwin bethel park braddock turtle creek brentwood bridgeville mellor edgewood forest hills swissvale homestead mckeesport duquesne white oak clp museum natural history clairton beechview brookline carrick downtown business liberty hazelwood hill homewood knoxville lawrenceville washington sheraden side squirrel end woods run valley harrison castle shannon cooper siegel coraopolis crafton dormont eastridge einetwork sto rox green tree hampton jefferson for blind physically handicapped place mills lincoln oakland millvale monroeville moon lebanon versailles northern tier northland oakmont penn pleasant plum robinson scott sewickley shaler sharpsburg fayette twp springdale upper clair western whitehall wilkinsburg
acld	Apache County Library District		public	alpine concho greer round valley sanders johns vernon
aclib	Alachua County Library District	USA	public	archer cone park hawthorne high springs jail partnership micanopy millhopper newberry tower road waldo
aclibrary	Alameda County Library		public
acls	Atlantic County Library System		public	absecon brigantine buena reading egg harbor galloway hammonton pleasantville somers point ventnor
acmetool	Acme Construction Supply		company
acpl	Allen County Public Library	IN, USA	public	aboite dupont georgetown grabill hessen cassel little turtle monroeville new haven pontiac shawnee tecumseh waynedale woodburn
act	Libraries ACT	Australia	public	heritage belconnen civic dickson erindale gungahlin kingston kippax tuggeranong woden
actscollege	ACTS College		college
adamslibrary	Adams County Library System		public
adbank	Asian Development Bank		company
adf	ADF		company
adl	Alaska Digital Library	USA	public	adak anchorage aniak cantwell capital centennial chiniak chukchi consortium selawik davis ramoth coffman cove cooper landing copper valley cordova craig delta dermott otoole tenakee springs dillingham eagle edna bay fairbanks star frances kibble kenny lake gustavus haines hollis holy cross homer hyder igiugig tribal irene ingle wrangell juneau douglas kegoayah kozga nome kenai ketchikan kodiak kuskokwim bethel peninsula schools martin monsen matanuska susitna network mcgrath moose pass edgecumbe high mountain view muldoon ninilchik noel wien pole pelican petersburg samuel foss pedro sand point scott wesley gerrish girwood seward shirly jackson kake sitka skagway soldotna thorne tok tri healy tuzzy barrow unalaska elmer rasmuson southeast egan valdez whale loussac
adlc	Arkansas Digital Library Consortium	USA	public	ash flat ashley calhoun clark cleburne cleveland columbia conway craighead jonesboro caraway goldsby kohn marked tree adams poinsett crittenden crossett dallas damascus dewitt cross parkin wynne woodruff augusta cotton plant mccrory fairfield bay faulkner van buren forrest fulton mammoth springs viola garland grant greene howard dierks mineral tollette independence izard janett larry crain lafayette little river ashdown foreman winthrop lonoke malvern hot spring mississippi montgomery rock northeast corning piggott randolph rector pea ridge phillips lee monroe pike banium delight pine bluff jefferson altheimer redfield waston chapel white hall polk prairie prescott nevada camden ouachita bearden stephens saline bob herzfeld mabel boswell sevier gillham horatio garner lockesburg sharp cave evening shade hardy williford southeast stone union barton libary harper huttig norphlet smackover strong billingsley jackson memphis
adu	Aioi Nissay Dowa Insurance Labor Union	Japan	company
adventhealth	AdventHealth University	USA	college
advocatechildrens	Advocate Children's Hospital		company
advocatehealth	Advocate Health-Midwest Region		company
aenetworks	A&E Televison Networks		company
aeonhealth	Aeon Health		company	healthcare
agcolearninglibrary	Alcohol and Gaming Commission of Ontario		company
ageo-city-library	Ageo City Library	Japan	public
agnesscott	Agnes Scott College		college
ahmlil	Arlington Heights Memorial Library		public
aialouisiana	The American Institute of Architects Louisiana  AIA Louisiana	USA	company
aiaohio	AIA Ohio	USA	company	akron
aidecanada	AIDE Canada	Canada	company
ajax	Ajax Public Library	Canada	public
ak	Arbeiterkammer	Austria	public	burgenland karnten niederosterreich oberosterreich salzburg steiermark tirol vorarlberg bludenz feldkirch wien
akkeshi-town	Akkeshi Information Library	Japan	public
akronlibrary	Akron-Summit County Public Library		public	ellet fairlawn bath firestone park goodyear highland square kenmore maple valley mogadore nordonia hills hill northwest norton odom boulevard portage lakes richfield springfield lakemore tallmadge
alamancelibraries	Alamance County Public Libraries		public	graham may mebane park
alburycity	Albury City Library		public
alexandria	Alexandria Library		public	ellen coolidge burke james duncan kate waller barrett
alhambralibrary	Alhambra Civic Center Library		public
alingsas	Alingsås Library	Sweden	public
alliance	Alliance Digital Media Library	IL, USA	public	alpha park astoria atkinson atlanta ayer barry beardstown houston blandinsville hire bradford brimfield brown versailles bushnell cambridge camp point carlock carthage chatsworth chenoa chillicothe clayton clover colchester creve coeur danvers deer creek dominy dunlap edwards river paso eureka farmer farmington filger flanagan fondulac forman valley forrest four star galesburg galva greater bowen golden littleton plymouth gridley peine havana henderson henry heyworth hudson illinois prairie benson germantown hills roanoke spring bay washburn jacksonville kewanee knoxville harpe carnegie lacon lewistown lexington lillie evans mackinaw macomb maquon gilson marquette heights martin morrison mary wiley morton hope funks grove townships nauvoo neponset normal pike odell parlin ingersoll pekin peoria lakeview lincoln mcclure pittsfield pontiac skies pleasant plains quincy rushville salem spoon toulon towanda tremont vermont viola virginia warren alexis kirkwood monmouth roseville warsaw washington sunnyland williamsfield winchester wyoming
altamonte	City of Altamonte Springs Library		public
altecind	Altec		company
alvincollege	Alvin Community College	USA	college
amarillotx	Amarillo Public Library		public	northwest southwest
amda	American Musical and Dramatic Academy	USA	college	amda los angeles new york
americanfidelity	American Fidelity Assurance Company		company	elibrary
americanlibraryinparis	American Library in Paris		company
amfabsteel	amfabsteel		company	amfab steel
amherstcollege	Amherst College	USA	college
amspaces	American Spaces		company	office abroad
anahuacmx	Investigaciones y Estudios Superiores, S.C.	Mexico	college
analog	Analog Devices, Inc.		company
anan	Anan City Library	Japan	public
andersonlibrary	Anderson County Library		public
aneurinuk	Aneurin Leisure Trust	United Kingdom	public	abertillery blaenau gwent blaina brynmawr cwm ebbw vale tredegar
angelinacollege	Angelina College	USA	college
angleseyuk	Isle of Anglesey County Council - Llangefni Library		public
angusalive	ANGUSalive	United Kingdom	public	arbroath brechin carnoustie forfar kirriemuir monifieth montrose
anrdl	Appalachian and Northwestern Regional Libraries		public	alleghany ashe boonville charles stone danbury dobson bend elkin jonesville king lowgap airy traphill walnut cove watauga western wilkes yadkin
ansanlib	Ansan City Library		public
anythinklibraries	Rangeview Library District		public	anythink bennett brighton commerce huron street motion perl mack thornton wright farms
anytime	Washington Anytime Library	WA, USA	public	anacortes bellingham barkley bellis fair fairhaven burlington camas carpenter castle rock cathlamet skagit columbia rural davenport denny ashby adams washtucna ellensburg gilmour guemes island harrington hesseltine jefferson kalama kelso conner liberty lake longview lopez vernon neill olympic clallam bay forks port angeles sequim ocean shores odessa orcas townsend puyallup reardan richland roslyn san juan shaw sprague upper walla burbank place prescott touchet vista hermosa weller whatcom blaine deming everson ferndale lummi lynden fork point roberts sumas whitman albion colfax colton endicott farmington garfield lacrosse malden oakesdale palouse rosalia john tekoa uniontown
apex	APEX Group		company
apigroup	APi Group, Inc.		company
apl	Anseong-si Public Library	South Korea	public
appliedmedical	Applied Medical		company
appstate	Appalachian State University	USA	college
arakawa	Arakawa City Library (荒川区電子図書館サービス)	Japan	public
arapahoe	Arapahoe Libraries		public	detention facility castlewood davies kelver koelbel may sheridan smoky hill southglenn
arcwerx	ARCWERX	USA	company
arizonaedu	University of Arizona	USA	college
arktech	Arkansas Tech University	USA	college	pendergraft technology
arlington	Arlington Public Library	USA	public
arlingtontx	Arlington Public Library	USA	public	george hawkes downtown kennedale lake mansfield northeast southeast southwest woodland
armyandnavy	Army and Navy Club		company
arrowhead	Arrowhead Library System	MN, USA	public	aurora babbitt baudette bovey buhl calumet carlton chisholm cloquet coleraine cook duluth ely eveleth gilbert grand marais rapids hibbing hoyt lakes international falls keewatin kinney marble mckinley moose lake iron silver bay two harbors virginia
artcenter	ArtCenter College of Design		college
arts	University of the Arts London	United Kingdom	college	for
artslinknb	ArtsLink NB		company
asaap	Area Substance Alcohol Abuse Prevention Coalition		company	asaap
asahisoftdrinks-union-library	Asahi Soft Drinks Labor Union		company
asfmrc	Archdiocese of Santa Fe		company
ash	ASH		company
asiclibrary	Australian Securities and Investments Commission	Australia	company	asic
astrazenecagitc	AstraZeneca GITC		company
asub	Arkansas State University - Beebe	USA	college
asumidsouth	Arkansas State University Mid-South	USA	college
asutrlibrary	Arkansas State University Three Rivers	USA	college
athensstate	Athens State University		college
athleticbrewing	Athletic Brewing		company	company
atlanlibrary	Atlan Library		company	technologies pvt ltd
atlantahumane	Atlanta Humane Society		company
atwaterlibrary	Atwater Library and Computer Centre	Canada	company
aubora	Aubora OverDrive	Switzerland	public	bibliothek brutten riehen ggg stadtbibliothek basel kantonsbibliothek baselland pbz pestalozzi zurich aarau zofingen winterthurer bibliotheken
auckland	Auckland Libraries	New Zealand	public	albany avondale birkenhead blockhouse bay botany devonport coast bays epsom glen eden innes glenfield great barrier grey lynn helensville highland park howick kumeu leys institute little mahurangi mangere bridge manukau research paerangi manurewa albert roskill new war northcote onehunga orewa otahuhu otara pakuranga panmure papatoetoe parnell chevalier pukekohe ranui remuera sir edmund hillary papakura heliers takaanini hub takapuna atatu peninsula manawa westgate titirangi tupu youth waiheke waimahia clendon waitakere waiuku warkworth wellsford whangaparaoa
aucklandcatholic	Catholic Diocese of Auckland		company
auditorcanada	Office of the Auditor General of Canada		company
augsburg	Stadtbücherei Augsburg		public
aup	The American University of Paris	USA	college
aurauk	Flintshire Libraries		public
aurora	Aurora Public Library		public	hoffman martin luther king mission viejo tallyns reach
aurorapl	Aurora Public Library	Canada	public
aurorapubliclibrary	Aurora Public Library District		public	eola road
austinlibrary	Austin Public Library	USA	public	history carver cepeda hampton oak hill howson john gillum little walnut creek menchaca road milwood old quarry pleasant ruiz southeast spicewood springs terrazas twin oaks hills willie mae kirk windsor park yarborough
autacnz	Auckland University of Technology		college
avalonfreelibrary	Avalon Free Public Library		public
avondalelibrary	Avondale Public Library	USA	public
awa	AWA - a Christchurch and Selwyn shared collection	New Zealand	public	akaroa aranui diamond harbour fendalton hornby linwood eastgate little river lyttelton matuku takotako sumner new brighton orauwhata bishopdale papanui parklands redwood darfield leeston lincoln ara atea shirley spreydon hapua halswell turanga upper riccarton
awa-library	Alpsalpine Workers Association		company
awabank	Awa Bank Union		company
awenculturaluk	Awen Cultural Trust		public	aberkenfig bridgend betws garw maesteg ogmore vale pencoed porthcawl pyle sarn llynfi
ayabe-library	Ayabe City Library		public
ayahealth	Aya Healthcare		company
ayase	Ayase Municipal Library	Japan	public
azlibrary	Arizona State Library, Archives And Public Records	USA	public	avondale nogales rochlin pinal safford graham
azwestern-library	Arizona Western College	USA	college
babsonedu	Babson College		college
bader	Bader College		college
badico	Bayern Digital Consortium	Germany	public	burglengenfeld charlotte dessecker bucherei pullach dingolfing eggenfelden europabuecherei passau freyung gemeindebibliothek kummersbruck gemeindebucherei gerbrunn mintraching muhlhausen planegg kelheim lappersdorf marktbucherei mainburg stadtbibliothek maxhutte haidhof stadtbucherei mitterteich neustadt donau nittendorf marktbibliothek oberhaching gemeinde und schulbibliothek schwandorf cham naila neumarkt oberviechtach regensburg sulzbach rosenberg teublitz unterschlei heim
baileylibrary	Bailey Public Library		public
balibrary	Barrington Area Library		public
bangorpl	Bangor Public Library		public
bangoruniv	Bangor University	United Kingdom	college
bankofcanada	Bank of Canada		company
banq	Bibliothèque et Archives nationales du Québec	Canada	public
banrepcultural	Biblioteca Luis Ángel Arango		public
banskbeautybrands	Bansk Beauty Brands		company
bapco	Bapco Energies		company
barnet	London Borough of Barnet	United Kingdom	public	burnt oak childs hill chipping colindale finchley edgware church end golders green hendon mill new osidge friern
barnsley	Barnsley Libraries	United Kingdom	public
barnsleycollege	Barnsley College	United Kingdom	college
barrielibrary	Barrie Public Library	Canada	public
barstowcc	Barstow Community College	USA	college
bartowlibrary	Bartow County Library System		public
bartshealthnhs	Barts Health NHS Trust		company
bauswooju	Buddhist Association of the United States		company
baycountylibrary	Bay County Library System		public	alice jack wirt auburn pinconning sage
bayerag	Bayer AG		company
bayfed	Bay Federal Credit Union		company
baysidelibrary	Bayside Libraries	Australia	public
baysidensw	Bayside Library NSW	Australia	public	amcliffe bexley brighton sands eastgardens mascot rockdale sans souci
bc	Boston College	USA	college
bchnhs	BCHC Birmingham Community Healthcare NHS Foundation Trust	United Kingdom	company	smallwood
bci	BCI (British Columbia Investment Management Corporation)	Canada	company
bcpl	British Columbia Libraries	Canada	public	alert bay cooperative beaver valley bowen island burns lake cariboo castlegar chetwynd cranbrook creston dawson creek elkford fernie nelson james john fraser galiano gibsons grand forks granisle greenwood hazelton houston hudsons hope invermere kaslo kimberley kitimat lillooet mackenzie mayne mcbride midway nakusp new westminster vancouver pemberton pender penticton piers port moody pouce coupe powell river prince george rupert radium hot springs rossland salmo salt spring saturna sechelt smithers sparwood squamish stewart taylor terrace thompson nicola trail tumbler ridge valemount vanderhoof whistler
bcplinfo	Baltimore County Public Library		public	arbutus catonsville cockeysville essex hereford landsdowne loch raven point owings mills parkville carney perry hall pikesville randallstown reisterstown rosedale sollers towson white marsh woodlawn
bcsdmc	Bryan and College Station Public Library System		public	carnegie brazos valley history clara mounce larry ringer
beehive	Beehive Library Consortium	USA	public	american fork beaver box elder brigham cedar davis delta duchesne eagle mountain elsinore emery ephraim fairview garden garland grand grantsville gunnison civic helper highland hyrum iron kanab lehi lewiston logan manti mendon milford minersville monroe morgan pleasant multicounty nephi newton nsd nebo orem panguitch park parowan payson grove president millard fillmore price provo rich richfield richmond salem salina san juan santaquin saratoga springs smithfield spanish springville stansbury summit tooele tremonton tri uintah utah state division valley academy vineyard wasatch washington weber
belbib	Belfast School of Theology		college
bellevuelibrary	Bellevue Baptist Church Library		company
bennington	Bennington College		college
bentleydownload	Bentley University	USA	college
bergencc	Bergen Community College	USA	college
berkeleypubliclibrary	Berkeley Public Library		public	claremont
bexley	London Borough of Bexley	United Kingdom	public	crayford erith sidcup thamesmead welling
bgst	Biblical Graduate School of Theology	Singapore	college
bhp	BHP		company
bhpl	Beverly Hills Public Library		public
bhsconstruction	BHS Construction Inc		company
biberach	Stadtbücherei Biberach	Germany	public
bibliobrossard	Bibliotheque de Brossard	Canada	public
bibliomation	Bibliomation, Inc.	CT, USA	public	andover ansonia babcock bakerville beacon falls beardsley bentley bethel bethlehem bolton booth dimock brookfield brooklyn association burnham canterbury chaplin chester cyrenius david hunt deep river derby neck douglas hebron eastford easton ellington hall gunn washington hagaman haven hotchkiss sharon howard bracken whittemore janet carlson calvert jonathan trumbull kent killingly killingworth licia mason beekley milford minor roxbury monroe edith wheeler morris norfolk oliver wolcott oxford pomfret putnam redding mark twain ridgefield rockville rowayton salem scoville salisbury seymour shelton plumb sherman silas bronson slater somers southbury sprague stafford suffield terryville cornwall thomaston thompson tolland union voluntown warren weston willimantic willington windham woodbury
bibliomontmagny	Bibliotheque de Montmagny		public
bibliomontreal	Bibliothèques Montréal	Canada	public
biblioquebec	Consortium BIBLIO (Magazines)	Canada	public	notre dame des bois albertville alleyn cawood amherst bibliotheque remi vendee armagh arundel ascot corner aston jonction auclair aumond ayers cliff baie sables febvre catherine paul batiscan beauceville beaulac garthby beaumont beaupre berthier sur mer berthierville biencourt blue sea franc bombardier bonsecours bouchette brebeuf gregoire coupal bristol brompton brownsburg chatham bury c002 cao c003 antic c004 lpmin c005 natas c006 rivto c007 berge c008 hstp c009 aguan c011 tbale c012 pao c013 fran c015 fore c016 bjb c017 lbs c018 rstj c019 esco c020 ragu c021 godb c022 porn c023 btri c024 chev c026 pleb c027 rstp c029 scoeu c030 tadou c031 gmec c034 staug c037 ofort c038 colom c039 lrive c301 pakua c303 essipit cabano cacouna cap ignace sante causapscal formation aux adultes mont joli cfamm rimouski neigette cfrn champlain charette armance samson chartierville chateau richer cheneville lac simon chertsey chesterville chute philippe clermont coaticook compton cookshire secteur johnville
bibliotecaccb	Camara de Comercio de Bogota  - Bogota Chamber of Commerce		public
bibliotecacolsubsidio	Colsubsidio		public
bibliotecacomfandi	Comfandi	Colombia	public
bibliotecadigitalcompensar	Compensar		public
bibliotecadigitalnl	Estado de Nuevo Leon		public	biblioteca del
bibliotecadigitaludem	Universidad de Medellin	Colombia	college
bibliotecaean	Universidad EAN	Colombia	college
bibliotecaespol	Escuela Superior Politecnica Del Litoral		college
bibliotecafundadores	Universidad CES	Colombia	college	biblioteca fundadores
bibliotecasanpedro	San Pedro Garza Garcia	Mexico	public
bibliotecascomfamiliar	Comfamiliar Risaralda		public
bibliotecascomfenalcoantioquia	Red de Bibliotecas de CCF Comfenalco Antioquia		public
bibliotecasinacap	Instituto Profesional INACAP	Chile	college
bibliotecasunal	Universidad Nacional de Colombia	Colombia	college
bibliotecatec	Instituto Tecnologico y De estudios Superiores De Monterrey	Mexico	college
bibliotecauao	Universidad Autónoma de Occidente	Colombia	college	biblioteca uao
bibliotecaudem	Universidad de Monterrey	Mexico	college
bibliotecausbcali	Universidad de San Buenaventura Cali		college
biblioteeca	El Economista	Mexico	company
bibliothequesdesherbrooke	Les Bibliothèques de Sherbrooke	Canada	public
bibliounicosta	Universidad de la Costa	Colombia	college
biboroughuk	Kensington & Chelsea and Westminster Libraries		public	royal london
bibstlaz	Saint-Lazare Library	Canada	public
bibthm	Technische Hochschule Mittelhessen (THM)		college
bidiuam	Universidad Autonoma Metropolitana		college
bigcountry	Big Country Library System	TX, USA	public	breckenridge comanche deleon kent mcculloch schleicher scurry shackelford stamford carnegie sutton
bilkent	Bilkent University Library	Turkey	college
birmingham-uk	Birmingham Libraries		public	acocks green balsall heath bartley birchfield bloomsbury boldmere castle vale cocks moors woods neighbourhood druids erdington farm road frankley glebe hall handsworth harborne hawkesley kents moat kings norton kingsbury kingstanding ladywood mere newtown northfield perry common quinton selly oak shard end sheldon small yardley sparkhill spring hill michaels stirchley stockland summerfield sutton coldfield tower walmley ward weoley wylde wood
birthpsych	Association for Prenatal and Perinatal Psychology and Health		company
blackandveatch	Black & Veatch		company
blackburnuk	Blackburn with Darwen Library & Information Services		public
blackcountry	Black Country		company	healthcare nhs foundation trust sandwell birmingham walsall
blackfoot	Blackfoot Public Library		public
blackgold	Black Gold Cooperative Library System		public	blanchard buellton carpinteria cataloging unit admin cuyama goleta valley guadalupe lompoc los alamos olivos orcutt paso robles santa maria ynez simmler solvang vandenberg
blackhills	Black Hills Library Digital Consortium	USA	public	custer hermosa deadwood edgemont grace balloch keystone piedmont valley rapid sturgis wall whitewood
blackstonefoundationlibrary	The Blackstone Foundation Library		company
blacktown	Blacktown City Libraries	Australia	public	dennis johnson stanhope gardens lalor park druitt hub riverstone max webber
bld	Beaumont Library District	CA, USA	public
blizzard	Blizzard Entertainment		company
bloomberg	Bloomberg Finance L.P.		company
bluebookshelf	Compassion International		company	blue bookshelf
bmccnsw	Blue Mountains City Library Services	Australia	public	blackheath blaxland katoomba lawson springwood wentworth falls
bnaiisrael	Bnai Israel Congregation		company
bnl	Bermuda National Library		public
bnllux	National Library of Luxembourg		public	bibliotheik eschduerf bibliotheque municipale differdange grevenmacher nationale publique regionale dudelange tony bourg bicherbus escher ettelbrecker letzebuerg mierscher lieshaus musel sauer mediatheik welubi weeltzer ludo
bocalibrary	Boca Raton Public Library	USA	public	downtown
boise	Boise Public Library		public	libary cole ustick bown crossing collister hillcrest garden
boisestate	Boise State University Albertsons Library	USA	college
bolt	Bolt		company
boniuklibrary	Holocaust Museum Houston, Boniuk Library		company
boobook	Boobook	Australia	public	whitehorse manningham corporation box hill bulleen doncaster nunawading pines vermont warrandyte blackburn yarra plenty diamond valley eltham ivanhoe lalor mill park rosanna thomastown watsonia whittlesea your bayswater belgrave boronia croydon ferntree gully healesville knox ngarrgoo lilydale monbulk reading room montrose mooroolbark evelyn realm rowville glen hall junction
bookcloud	bookcloud		company	cultural arequipa tarapoto trujillo icpna chiclayo colaborador cusco region centro grau
boox	BooX		company	spacex
boroondara	Boroondara Library Service	Australia	public	ashburton balwyn camberwell greythorn lounge hawthorn kew
bowvalleycollege	Bow Valley College	Canada	college
bpl	Boston Public Library		public	adams street brighton charlestown chelsea codman square connolly dudley literacy egleston faneuil fields corner fisher grove hall honan allston hyde park jamaica plain kristein business linden lower mills malden mattapan end orient heights parker hill roslindale uphams washington roxbury
bpls	Beaumont Public Library System	USA	public	elmo willard jefferson literacy depot miller theodore johns tyrrell historical
bportlibrary	Bridgeport Public Library		public	black rock newfield old mill green
bradfordlibraries	Bradford Libraries	United Kingdom	public
bradley	Bradley University	USA	college
braillehouse	Braille House Library		company
brampton	Brampton Library	Canada	public
brant	County of Brant Public Library	Canada	public
brantford	Brantford Public Library	Canada	public	paul
brattlegroup	Brattle Group		company
braunschweig	Stadtbibliothek Braunschweig	Germany	public
brazosport	Brazosport College	USA	college
brdc	Blue Ridge Download Consortium	VA, USA	public	alleghany highlands bowman clarke clifton forge culpeper fauquier handley archives highland madison orange gordonsville wilderness powhatan rappahannock rockbridge bath buena vista glasgow goshen samuels shenandoah basye orkney springs valley jackson new market strasburg
bremen	Stadtbibliothek Bremen	Germany	public
brevard	Brevard County Library	USA	public	cape canaveral catherine schweinsberg rood cocoa beach martin luther king eau gallie franklin degroodt melbourne merritt island mims scottsmoor negroni hendrick palm bay port john satellite mainland micco suntree viera titusville
bridges	Bridges	IA, USA	public	ackley adair adel agency akron albert albion alexander algona allison alta vista alton altoona ames anamosa learning andersen point anita ankeny kirkendall aplington legion arlington armstrong arnolds park arthur ashton atkins atlantic auburn audubon aurelia aurora avoca badger bancroft battle creek baxter bayard beaman bedford belle plaine bellevue belmond bennett benny gambaiani bertha bartlett gilbert bettendorf blairstown blakesburg bloomfield bonaparte bondurant boyden britt brooklyn buffalo burlington burt bussey calamus callender heritage calmar camanche cambridge carlisle carnegie evans carroll carter lake cascade casey chariton charles charter oak chelsea cherokee churdan clare clarence clarion clarksville clear clermont clinton lyons clive coggon colesburg colfax collins colo columbus junction conrad coon rapids corning correctionville corwith coulter council bluffs cresco crew cumberland curtis cushing dallas roy estle davenport dayton soto decorah delhi denver des moines dewitt dexter dike dolores tillinghast harpers ferry donnellson doon dows grace doane alden drake dubuque dumont duncombe dunkerton dunlap dyersville
brightonhovegb	Brighton & Hove City Libraries		public
brightpointlibrary	Brightpoint Community College	USA	college
brisbane	Brisbane City Council Library Services	Australia	public	square
bristoluni	University of Bristol		college
britanicolibrary	Británico Library		college
britishcouncil	British Council Libraries Consortium		company
broadmead	Broadmead Inc		company
brooklyn	Brooklyn Public Library		public	adams street arlington bay ridge bedford park brighton beach heights brower brownsville bushwick canarsie carroll gardens clarendon clinton hill coney island cortelyou crown cypress hills dekalb dyker flatbush eastern parkway flatlands hamilton gerritsen gravesend greenpoint highlawn homecrest jamaica kensington kings highway leonard for arts culture macon mapleton marcy mckinley midwood mill basin new lots utrecht pacific paerdegat slope red hook rugby ryder saratoga sheepshead spring creek stone avenue sunset ulmer walt whitman washington irving williamsburgh windsor terrace
broward	Broward County Library		public	african american research cultural alvin sherman information technology nova southeastern beach carver ranches century plaza dania paul demaio davie cooper deerfield percy white lauderdale galt ocean mile reading hallandale hollywood bernice oster imperial point jan moran collier learning lakes lauderhill mall towne margate catharine young miramar education saraniero northwest pembroke pines walter pompano riverland southwest stirling road sunrise dan pearl tamarac tyrone bryant weston
brownsville	Brownsville Public Library System	USA	public	southmost
brrl	Blue Ridge Regional Library	VA, USA	public	bassett collinsville patrick ridgeway
bruneluniversity	Brunel University	United Kingdom	college
brunswickcounty	Brunswick County Library	USA	public	barbee harper leland rourk southwest
bswhlibrary	BaylorScott&White Health Library		company
buckinghamshire	Buckinghamshire Council	United Kingdom	public	amersham aylesbury beaconsfield bourne end buckingham culture burnham chalfont giles peter chesham farnham common flackwell heath gerrards cross great missenden haddenham hazlemere high wycombe iver ivinghoe long crendon marlow micklefield princes risborough wendover wing winslow
buddhistlibrary	Buddhist Library	Australia	company
buenapark	Buena Park Library District	CA, USA	public
buffalo	Buffalo & Erie County Public Library		public	alden amherst clearfield angola aurora boston cheektowaga anna reinstein tonawanda clarence collins concord crane dudley clinton eden eggertsville snyder elaine panty elma frank merriweather grand island hamburg hon shirley chisholm formerly audubon isaias gonzalez soto kenilworth kenmore lackawanna lake shore lancaster leroy coles marilla newstead park orchard julia boyer seneca williamsville
burbank	Burbank Public Library	USA	public	buena vista northwest
burlington	Burlington County Library System	NJ, USA	public	bordentown cinnaminson evesham maple shade pemberton pinelands riverton
burlingtonpl	Burlington Public Library	Canada	public	aldershot alton brant hills kilbride new appleby tansley woods
burnaby	Burnaby Public Library	Canada	public	bob prittie metrotown cameron mcgill tommy douglas
burnsmcdonnell	Burns & McDonnell Engineering Co. Inc.		company
burycounciluk	Bury Council Libraries		public
buttecollege	Butte College		college
bw	Overdrive Baden-Württemberg	Germany	public	bibliothek berufliches schulzentrum heidenheim bucherei forum bodelshausen der storchenkelter kirchheim mediathek bad krozingen mediothek balingen pliezhausen ortsbucherei leutenbach schnapperei gingen stadtbibliothek achern ditzingen filderstadt freiberg goppingen heilbronn reutlingen tuttlingen villingen schwenningen stadtbucherei albstadt donzdorf esslingen neckar fellbach horb leinfelden echterdingen nurtingen ostfildern schelklingen sussen vaihingen waiblingen walldorf
byu	Brigham Young University	USA	college	hawaii byu idaho pathway ensign
cabconc	Cabarrus County Public Library		public	harrisburg kannapolis pleasant
cabq	Public Library Albuquerque and Bernalillo County		public	alamosa robert murphy unser cherry hills mountain erna fergusson ernie pyle international juan tabo lomas tramway los griegos rudolfo anaya valley san pedro broadway special collections taylor ranch tony hillerman westgate
cachecounty	Cache County Library		public
caerphillyuk	Caerphilly Library Service		public
cairnmillar	Cairnmillar Institute	Australia	company
cairnsqld	Cairns Libraries	Australia	public	babinda libary earlville edmonton gordonvale manunda smithfield stratford
cairnuniversity	Cairn University	USA	college
calbcsg	Calvary Baptist Church Singapore		company
calderdalenhs	Calderdale and Huddersfield NHS Foundation Trust	United Kingdom	company
calderdaleuk	Calderdale Council		public	schools cross lane primary
calgary	Calgary Public Library	Canada	public	bowness country hills crowfoot fish creek forest lawn giuffre family glenmore square judith umbach louise riley park nose hill shaganappi shawnessy signal southwood castell
calibreaudio	Calibre Audio	United Kingdom	company
californiacf	California Correctional Facilities		company
californiajewishlibraries	California Jewish Library Digital Book Consortium	USA	company	sperber
cals	Central Arkansas Library System	USA	public	adolphine fletcher terry amy sanders for medical sciences bobby roberts childrens learning cox creative dee brown esther dewitt nixon john gould maumelle max milam millie brooks oley rooker roosevelt thompson sidney mcmath sue cowan williams
calstatelb	California State University-Long Beach	USA	college
caltech	California Institute of Technology	USA	college
calvarychurch	Calvary Church		company
cambridgeshirelibraries	Cambridgeshire County Council	United Kingdom	public	arbury court bar hill barnwell road bassingbourn book cafe bottisham access point brampton buckden burwell cambourne cambridge schools chatteris cherry hinton clay farm coleridge comberton coneygear cottenham crosshall junior ely fulbourn gamlingay great shelford haddenham histon huntingdon archives impington linton little downham littleport march melbourn meldreth primary milton northstowe secondary papworth ramsey rock sawston sawtry academy soham somersham ives neots stephen perse foundation swavesey vista warboys waterbeach whittlesey willingham wisbech witchford yaxley
camdenlibrary	London Borough of Camden	United Kingdom	public	highgate holborn kentish kilburn pancras square queens crescent swiss cottage hampstead
camdigital	Camarillo Public Library		public
camellia	Camellia Net Digital Catalog	AL, USA	public	abbeville adelia mcconnell russell albert scott albertville andalusia annie awbrey arab ashland athens limestone attalla etowah autauga prattville comer baldwin bay minette boaz brent centreville carl elliott chambers chelsea cherokee chilton clanton jemison maplesville choctaw gilbertown silas citronelle collinsville dekalb columbiana crossville cullman dadeville daleville daphne decatur demopolis doris stanley earle rainwater eclectic elba elberta enterprise escambia cooperative fairhope fairview fayette florala foley gadsden garden geraldine glencoe greenville butler grove hill guy hunt hamilton clyde nix hanceville harpersville harrison hartselle william bradford huie henagar hokes bluff ider jacksonville jane homes kennedy mcgraw lawrence lincoln lineville loxley lucile morgan macon tuskegee magnolia springs marion perry marjorie younce snook mccain millbrook millport monroe moon lake moundville newbern shelby odenville ohatchee orange beach oxford ozark dale parnell pelham pell phenix pub piedmont anniston calhoun rainbow rainsville red weatherford robertsdale rogersville roy downs calera russellville sardis satsuma scottsboro selma dallas southside spanish springville steele
campaspe	Shire of Campaspe		public
canadacollege	Cañada College	USA	college
canterbury	Canterbury Christ Church University	United Kingdom	college
canterburybankstownnsw	Canterbury-Bankstown Council		public	campsie chester hill earlwood greenacre lakemba padstow panania riverwood
capilano	Capilano University		college
capitalarealibrary	Capital Area Library District		public	cumberland amelia givin holly springs bosler carlisle cleve fredricksen camp hill pennsboro jeffrey anne coy shippensubrg john graham newville joseph simpson mechanicsburg new dauphin alexander family shore elizabethville johnson love madeline olewine mccormick riverfront northern hershey middletown perry bloomfield western blain marysville rye newport
cardiffuk	Cardiff Libraries		public	schools
cardiffuniversity	Cardiff University	United Kingdom	college
carersforkidsnsw	Carers for Kids NSW	Australia	company
carlalbertlibrary	Carl Albert State College	USA	college
carleton	Carleton College	USA	college
carmarthenshire	Carmarthenshire County Council		public	ammanford bedol brynaman burry port carmarthen kidwelly llandeilo llandovery llanelli llangennech llwynhendy newcastle emlyn pembrey pontyates pontyberem clears whitland
carmel	Carmel Clay Public Library	IN, USA	public
carolina	University Library at the University of North Carolina at Chapel Hill	USA	college
cascadeenergy	Cascade Energy		company
cass	Chinese Academy of Social Sciences		company
cat	Caterpillar Inc.		company
catawba	Catawba College	USA	college
cavancounty	Cavan County Libraries	Ireland	public
cbott	Central Bank of Trinidad and Tobago		company
ccbcmd	The Community College of Baltimore County		college
ccbjgwlu	CCBJGW労働組合		company	coca cola bottlers japan group labor union
ccc	Contra Costa County Library		public	antioch bay point brentwood clayton concord crockett danville dougherty station cerrito sobrante hercules kensington lafayette martinez moraga oakley orinda pinole pittsburgh pleasant hill prewett rodeo san pablo ramon walnut creek ygnacio valley
cccneb	Central Community College		college
ccfls	Crawford County Federated Library System		public	ccfls benson cambridge springs cochranton linesville margaret shontz meadville saegertown springboro stone
cclcvic	Connected Libraries	Australia	public	bunjil place clyde lounge cranbourne doveton endeavour hills hampton park
ccld	Cochise County Library District	USA	public	alice woods sunizona benson copper queen douglas elfrida elsie hogan huachuca jimmie libhart myrtle kraft portal sierra vista sunsites tombstone
ccls	Chautauqua-Cattaraugus Library System		public	ahira hall alexander findley allegany anderson lee silver creek ashville bemus point blount cassadaga clymer french darwin barker delevan yorkshire dunkirk ellicottville ellington farman falconer fluvanna gowanda hazeltine james prendergast kennedy king lakewood mary seymour mayville little valley myers olean patterson randolph ripley salamanca sherman sinclairville smith sni
ccnn	Centro Cultural Nicaraguense Norteamericano		company
ccphiladelphia	Community College of Philadelphia	USA	college
ccpl	Cuyahoga County Public Library		public	bay beachwood bedford berea brecksville brook park brooklyn chagrin falls fairview garfield heights gates mills independence maple mayfield metrohealth point middleburg olmsted royalton orange parma powers snow richmond solon euclid lyndhurst strongsville warrensville
ccrc	Child Care Resource Center		company
ccri	Community College of Rhode Island	USA	college
ccsa	Centro Cultural Salvadoreno Americano		company
ccslibrary	College for Creative Studies	USA	college
cea	Creative Economy Agency	Thailand	company
ced	North Carolina State University - College of Education	USA	college
cefls	Clinton Essex Franklin Library System	USA	public	akwesasne ausable forks belden noble black watch cef champlain chateaugay chazy dannemora dodge elizabethtown goff nelson hammond keene valley keeseville lake placid malone wead mooers paine peru plattsburgh rouses point sarah munsil saranac schroon sherman wadhams wells westport wilmington cooper
cegepheritageco	Cégep Heritage College	Canada	college
cegeplimoilou	Cégep Limoilou	Canada	college
cegepvicto	Cégep de Victoriaville		college
centennialcollege	Centennial College	Canada	college
centierbank	Centier Bank		company
centralagencies	Central Agencies Library	New Zealand	company
centralcoast	Central Coast Library Service	Australia	public
centraleu	Central European University	USA	college
centralpalibraries	Central PA Libraries		public	hall holt historical museum clearfield curwensville dubois joseph elizabeth shaw juniata mifflin kishacoquillas schlow region
centralqld	Central Queensland Libraries Digital Consortia	Australia	public	gladstone livingstone shire rockhampton
centralwestzone	Central West Zone	Australia	public	big sky brewarrina lightning ridge moree walgett broken hill blayney canowindra cowra forbes manildra molong orange gunnedah lithgow learning macquarie mendooran baradine binnaway coolah coonabarabran dubbo dunedoo narromine trangie wellington
centrocultural	Centro Cultural Costarricense Norteamericano	USA	company
centrovenezolanoamericano	Centro Venezolano Americano		college
ceredigionuk	Ceredigion County Libraries		public
cerris	Cerris		company
cesa	Colegio de Estudios Superiores de Administracion	Colombia	college	cesa
cf	College of Central Florida	USA	college
cfbc	Champion Forest Baptist Church		company
cfc	Canadian Forces College	Canada	college
cfwpl	Cedar Falls and Waterloo Public Libraries	IA, USA	public
chabotlibrary	Chabot College	USA	college
charlestoncounty	Charleston County Public Library System		public	baxter patrick james island bees ferry ashley dorchester road edisto folly beach hurd andrews john dart johns keith summey mcclellanville pleasant otranto poe sullivans pauls hollywood wando
charlestonlibrarysociety	Charleston Library Society		company
chart	Chart Academy		college
charteredaccountantsanz	Chartered Accountants Australia and New Zealand		company
chcbl	Chattanooga Public Library		public	downtown eastgate northgate
chelsea	Chelsea Library	Canada	public
chesapeake	Chesapeake Public Library System		public	clarence cuffee greenbrier indian river major hillard russell norfolk
chester	Chester County Library System		public	atglen avon grove springs coatesville downington easttown henrietta hankin honey brook kennett malvern oxford paoli parkesburg phoenixville spring tredyffrin
chesterfield	Chesterfield Public Library	USA	public	bon air chester downloadable digital clover hill enon ettrick matoaca laprade meadowdale midlothian
chesteruni	University of Chester		college
childrens	Children's Medical Center		company
chinookarch	Chinook Arch Regional Library System	Canada	public	arrowwood barnwell cardston jim mary kearl carmangay champion headquarters claresholm coaldale coutts crowsnest pass macleod glenwood granum grassy lake hays kainai lethbridge crossings lomond magrath milk river milo nanton thelma fanning picture butte pincher creek raymond stavely stirling theodore brandley taber vauxhall vulcan warner wrentham
chipublib	Chicago Public Library		public	albany park altgeld archer heights austin irving avalon back yards beverly bezazian blackstone brainerd brighton bucktown wicker budlong woods canaryville bee lawn chinatown clearing coleman daley richard douglass dunning edgebrook edgewater gage galewood mont clare garfield ridge greater grand crossing hall harold washington hegewisch humboldt independence jefferson jeffery manor kelly king legler lincoln belmont little logan square lozano manning mayfair mckinley merlo greenwood near pulaski northtown oriole portage cragin pullman roden rogers roosevelt scottsdale sherman shore sulzer thurgood marshall toman uptown vodak side walker water works avenue englewood whitney young woodson wrightwood ashburn
chiryucity	Chiryu City Library	Japan	public
chl	Central Highlands Regional Library	Australia	public	ararat avoca bacchus marsh ballarat beaufort clunes creswick daylesford hamilton maryborough sebastopol trentham wendouree
chplnj	Cherry Hill Public Library		public
christianlib	Christian Library Consortium		company	american baptist calvary chapel bible concordia irvine crandall nelson new andrews pacific rim taylor
christianlifeed	Christian Life College	USA	college	hogue
christianrecord	Christian Record Services for the Blind		company
christiecommunitylibrary	Christie Community Library		public
chsfl	Children's Home Society of Florida	USA	company
cia	Cleveland Institute of Art	USA	college
ciccc	Cornerstone International Community College in Canada		college
cimoperation	CIM Operations PTY LTD		company	cimoperation
cincinnatilibrary	Cincinnati & Hamilton County Public Library		public	anderson avondale blue ash bond hill cheviot clifton corryville covedale deer park delhi downtown elmwood place forest green greenhills groesbeck harrison hyde lincoln loveland madeira madisonville mariemont miami monfort heights healthy washington northside norwood oakley pleasant ridge price reading sharonville bernard symmes walnut hills end westwood wyoming
cinfin	Cincinnati Insurance Co		company
citrus	Citrus County Library System		public	ridge coastal region floral homosassa lakes
city	City St George’s, University of London	United Kingdom	college
city-susaki	Susaki City Library	Japan	public
cityofdarwin	City of Darwin	Australia	public	casuarina digital karama nightcliff
cityofjerseytx	City of Jersey Village		company
cityoflondonuk	City of London Libraries		public	artizan street barbican shoe lane
cityofpalmerstonlibrary	City of Palmerston Library	Australia	public
cityofsydney	City of Sydney Library Network	Australia	public
cityoftshwane	City of Tshwane Library Services		public
cityplym	City College Plymouth		college
ciu	Columbia International University	USA	college
clamsnet	CLAMS	USA	public	aquinnah barnstable sturgis brewster ladies centerville chatham eldredge chilmark cotuit dennis jacob sears falmouth eastham edgartown harwich brooks hyannis jonathan bourne marstons mills mashpee nantucket atheneum oak bluffs orleans snow osterville provincetown yarmouth truro vineyard haven wellfleet tisbury whelden woods hole port
clarecounty	Clare County Library	Ireland	public
clarendoncountylibrary	Harvin Clarendon County Library		public
clarku	Clark University		college
clasalle	LaSalle College		college
claycofl	Clay County Public Library System		public
claytonnc	Hocutt Ellington Memorial Library		public
clc	Digital Downloads Ohio	USA	public	alexandria bexley columbus metropolitan barnett canal winchester driving park dublin franklinton gahanna hilliard hilltop karl road linden local history genealogy marion franklin martin luther king new albany northern lights northside parsons reynoldsburg shepard high southeast whetstone whitehall fairfield baltimore bremen rushcreek johns northwest grandview heights granville greene beavercreek bellbrook cedarville fairborn jamestown xenia yellow springs london marysville raymond pickaway pickerington plain southwest grove westland troy miami upper arlington lane miller wagnalls washington centerville woodbourne worthington old
clcn	Capital Library		public
cldl	Carbon Lehigh Downloadable Library	PA, USA	public	allentown catasauqua coplay dimmick emmaus lehighton lower macungie palmerton parkland penn kidder slatington southern whitehall
clebucks	Community Library e-Cooperative (CLE) of Bucks County		public	new hope solebury northampton margaret grundy morrisville association pipersville southampton lower warminster
clevelandfbc	First Baptist Cleveland Church Library		company
clevnet	CLEVNET	OH, USA	public	andover barberton bellevue birchard gibsonburg green springs woodville bristol burton cleveland hts coventry lee road noble neighborhood heights law addison brooklyn carnegie collinwood 131st street eastman fleet fulton garden valley glenville harvard hough jefferson langston hughes lorain martin king nottingham pleasant rice rockport sterling union walz park woodland clyde conneaut eastlake elyria keystone river euclid fairport harbor geauga bainbridge chardon middlefield thompson girard global issues resource topky henderson association hubbard hudson historical society huron kingsville kinsman kirtland avon columbia domonkas ridgeville madison mckinley medina brunswick buckeye highland lodi seville mentor headlands lake milan berlin morley newton falls norwalk orrville peninsula perry ritter rock creek rocky sandusky shaker bertram woods stow munroe twinsburg wayne creston dalton doylestown rittman shreve salem reading room wickliffe willoughby hills willowick
cloviscollegeca	Clovis Community College	USA	college
cmhifl	Colorado Mental Health Institute-Fort Logan	USA	company
cmhrmcdp	Canadian Museum for Human Rights	Canada	company
cmpl	Clinton-Macomb Public Library		public
cna	CNA Corporation		company
cne-siar	Western Isles Libraries	United Kingdom	public	leabharlainn nan eilean siar
cnelib	Chungcheongnam-do Library	South Korea	public
cnlnsw	Central Northern Regional Library	Australia	public	barraba bingara boggabri bundarra kootingal manilla narrabri nundle quirindi tamworth uralla walcha warialda wee waa werris creek willow tree
cntry	Century College	USA	college
cnwlnhs	Central and North West London NHS Foundation Trust		company
coa	College of Alameda	USA	college
coalinga	Coalinga College	USA	college
cobbcounty	Cobb County Public Library System		public	acworth marietta gritters kemp lewis ray mountain view powder springs sibley stratton sweetwater valley vinings
cocolib	Flagstaff City-Coconino County Public Library	USA	public	forest lakes fredonia grand canyon page tuba williams
cod	College of DuPage	USA	college
coelibraries	City of Ekurhuleni Libraries	South Africa	public
coffsharbour	Coffs Harbour Libraries		public
cognyte	Cognyte		company
coherentsolutions	Coherent Solutions		company
colbertdigitaldownloads	Colbert Digital Downloads	AL, USA	public	cherokee muscle shoals sheffield tuscumbia helen keller
colecciondigital	Biblioteca Pública Piloto y Sistema de Bibliotecas Públicas de Medellín	Colombia	public
colincc	Copiah-Lincoln Community College	USA	college
collier	Collier County Public Library		public	naples estates everglades golden gate headquarters immokalee marco island vanderbilt beach
collin	Collin County Community College District	USA	college
coloradocc	Colorado Community Colleges System	USA	college	arapahoe northwestern aurora front range boulder larimer westminster lamar morgan northeastern junior otero pikes peak pueblo red rocks trinidad state
coloradodc	Across Colorado Digital Consortium	USA	public	alamosa berthoud canon royal gorge museum history carnegie monte vista fork trinidad clear creek idaho springs john tomay cortez dolores adult high childrens elementary rico morgan estes valley gilpin hinsdale lake ignacio lamar limon lone cone lyons meeker moffat dinosaur maybell nederland ordway combined park bailey guffey george pines plains ecld elbert elizabeth kiowa simla rampart florissant woodland divide red feather mountain ridgway ruby sisson security silverton sterling venetucci wellington woodruff wray yuma
columbia	Columbia University	USA	college
com	College of the Mainland	USA	college	com
comcom	Commerce Commission		company
comfama	Comfama	Colombia	public
comfenalcotolima	Comfenalco Tolima	Colombia	public
commerceca	City of Commerce Public Library		public	atlantic bristow park greenwood
commerceresearchlibrary	Commerce Research Library	USA	company	department
communardo	Communardo	Switzerland	company
communitylibrary	Community Library Network		public	athol harrison hayden pinehurst post falls rathdrum spirit lake
condenast	Conde Nast		company
conestoga	Conestoga College	Canada	college
conncoll	Connecticut College	USA	college
connors	Connors State College	USA	college
constructortech	Constructor Technology		company
conyersrockdale	Conyers-Rockdale Library System		public
cookmemorial	Cook Memorial Public Library		public	aspen drive
coqlibrary	Coquitlam Public Library	Canada	public	poirier
corkcityie	Cork City Library	Ireland	public
corkcountyie	Cork County Library	Ireland	public
cornell	Cornell University Library	USA	college	weill medical
cos	College of the Sequoias	USA	college
cosmosclub	Cosmos Club		company
countylibrary	Montgomery County Memorial Library System		public
cpcregional	Craven-Pamlico Regional Library		public	cove havelock vanceboro
cplopc	Obama Presidential Center Collection (CPL)		public
cpls	Coweta Public Library System	GA, USA	public	grantville newnan senoia
cppib	Canada Pension Plan Investment Board	Canada	company
cqlib	Chongqing Library 重庆图书馆		public
crai-uautonoma	Universidad Autónoma de Chile		college
creativehs	Creative Health Services		company
crisisuk	Crisis UK		company
crlnsw	Richmond and Clarence Libraries	Australia	public	grafton iluka maclean yamba upper casino coraki evans head kyogle
crsbpl	Consortium BIBLIO (Books)	Canada	public	albanel alleyn cawood amherst bibliotheque remi vendee angliers armagh arntfield arundel ascot corner aston jonction aumond ayers cliff baie febvre catherine paul barraute batiscan bearn beaucanton beauceville beaudry beaulac garthby beaumont beaupre begin belcourt bellecombe berry berthier sur mer berthierville blue sea bois franc bonsecours bouchette brebeuf gregoire coupal bristol brompton brownsburg chatham bury cadillac cap ignace sante chambord champlain chapais charette armance samson chartierville chateau richer chazel cheneville lac simon chertsey chesterville chute philippe clericy clermont clerval cloutier coaticook colombourg compton cookshire secteur johnville sawyerville eaton crabtree micheline dalpe danville daveluyville desbiens deschaillons laurent deschambault destor dosquet dudswell duhamel duparquet dupuy durham sud broughton hereford eastman bolton est etienne entrelacs evain fabre fassett notre dame ferme neuve fortierville frampton frontenac fugereville girardville gracefield grandes piles line blanchard grand remous grenville fernand bernier rouge calumet pointe chene grondines guerin guyenne ham nord hebertville station herouxville source huberdeau serge bouchard inverness
cru	CRU		company	continental realty corporation
cs	Changsha Library (长沙图书馆)		public
cscclibrary	Columbia State Community College	USA	college
csiedu	College of Southern Idaho	USA	college
csusm	California State University-San Marcos	USA	college
ctdl	Central Texas Digital Consortium	USA	public	bastrop bee cave blanco buda burnet bertram herman brown marble falls oakalla spicewood cedar park copperas cove eugene clark dripping springs travis gateway elgin fairfield fayette flatonia gatesville georgetown gibbs giddings cultural groesbeck hamilton harker heights harrie woodson hays hewitt hutto nickells jennie trent dew johnson jonestown kyle lago vista lake lampasas leander liberty hill martindale mcginley meridian nancy carol roberts navasota nellie pederson civic nesbitt pflugerville robertson round top family rylander salado san marcos schulenburg smithville smith welch taylor teague teinert tye preston valley mills wells wimberley
ctstate	Connecticut State Community College	USA	college	manchester
cuboulder	University of Colorado Boulder	USA	college
cucusa	CUC University		college
cuhksz	The Chinese University of Hong Kong, Shenzhen		college	shenzen
cumarshlibrary	Concord University	USA	college
cumberland	Cumberland Council Libraries	Australia	public
curtislibrary	Curtis Memorial Library		public
cusm	McGill University Health Centre		company
cvcclrc	Chattahoochee Valley Community College	USA	college
cvl	Chattahoochee Valley Libraries		public	columbus cusseta marion mildred terry parks
cw2mil	CW2 Christopher G. Nason Military Intelligence Library		company
cwcl	Changwon Central Library	South Korea	public
cwmars	CW MARS	MA, USA	public	adams agawam american international amherst ashburnham stevens ashby ashfield belding athol auburn ayer barre woods becket athenaeum belchertown clapp bellingham berlin bernardston cushman blackstone blandford porter bolton boxborough sargent boylston brimfield brookfield merrick buckland charlemont tyler charlton chester hamilton chesterfield chicopee fairview falls clarksburg clinton bigelow schools colrain griswold conway field dalton deerfield tilton douglas simon fairfield dudley pearle crawford longmeadow easthampton egremont elms erving fitchburg florence lilly florida gardner levi heywood goshen grafton granby granville great barrington mason ramsdell lirbary greenfield hadley goodwin hampden hancock taylor hardwick paige harvard hatfield heath hinsdale holden gale holland holyoke hopedale bancroft hopkinton hubbardston hudson huntington lancaster thayer lanesborough lee association leicester lenox leominster leverett leyden robertson richard salter storrs ludlow hubbard lunenburg marlborough mendon taft middlefield milford millbury millers millville monson montague monterey montgomery grace hall wachusett new braintree leroy pollard salem haston northampton forbes northborough northbridge whitinsville social northfield dickinson oakham
cwsl	California Western School of Law	USA	college
cwu-library	Canon Workers' Union	Japan	company
cyberlibrary	Gyeonggi Library	South Korea	public
dacotahbank	Dacotah Bank		company
daemen	Daemen University		college
dailyjournal	Daily Journal Corporation		company
dakotastate	Dakota State University	USA	college
dal	Dalhousie University Killam Library	Canada	college
dallaslibrary	Dallas Public Library		public	arcadia park audelia road bachman lake bookmarks northpark forest green fretz grauwyler hampton illinois highland hills kleberg rylie lakewood lochwood martin luther king mountain creek oak cliff lawn paul laurence dunbar lancaster kiest pleasant grove polk wisdom prairie preston royal renner frankford skyline timberglen vickery white rock
danburylibrary	Danbury Public Library		public
danesheriff	Dane County Jail		company
darien	Darien Library		public
dauphin	Dauphin County Prison		company	alexander family shore elizabethville hummelstown johnson kline madeline olewine mccormick riverfront northern lykens
davidyellin	David Yellin Academic College of Education	Israel	college
dayton	Dayton Metro Library		public	bradford brookville burkhardt electra doren huber heights kettering moraine miami miamisburg new lebanon northmont southeast trotwood vandalia carrollton wilmington stroop
dbrl	Daniel Boone Regional Library		public	callaway columbia southern
dcl	Douglas County Libraries		public	castle pines rock highlands ranch lone tree louviers parker philip miller roxborough
dclibrary	District of Columbia Public Library	USA	public	anacostia bellevue william lockridge benning dorothy height capitol view chevy chase cleveland park deanwood francis gregory georgetown lamond riggs martin luther king pleasant northeast northwest one palisades parklands turner petworth rosedale shaw watha daniel shepherd juanita thornton southeast southwest takoma tenley friendship dcpl end woodridge
dctabudhabi	Abu Dhabi Department of Culture And Tourism	United Arab Emirates	public	childrens maktaba bahia marfa wathba khalifa park zayed
dcu	Digital Federal Credit Union		company
deanzacollege	De Anza College		college
defenceforcesireland	Defence Forces Library	United Kingdom	company
deichman	Oslo Public Library	Norway	public	deichman bibliotek
dekalb	DeKalb County Public Library		public	brookhaven chamblee clarkston line ellenwood covington decatur doraville dunwoody embry hills flat shoals gresham hairston crossing lithonia davidson northlake barbara loar redan trotti salem panola scott candler scottdale tobie grant stone mountain sue kellogg stonecrest toco hill avis williams tucker reid cofer wesley chapel william brown
delaware	Delaware Libraries	DE, USA	public	appoquinimink bear brandywine hundred bridgeville claymont corbit calloway department health social delmar dover duck creek elsmere frankford georgetown greenwood harrington hockessin kent kirkwood laurel lewes milford millsboro milton new castle newark rehoboth beach route seaford selbyville coastal sussex thomas edison charter wilmington noma hub woodlawn
delawarecf	Delaware Correctional Facilities		company
delco	Delaware County Library System		public	aston collingdale darby folcroft glenolden haverford helen kate furness lewis crozer lansdowne marple mary campbell marcus hook media upper providence middletown newtown norwood prospect park rachel kohl radnor ridley sharon hill springfield twp swarthmore tinicum sellers primos yeadon
delmarcollege	Del Mar College		college
dementia-e-library	Dementia Australia Library	Australia	company
demontfort	De Montfort University		college
denbighshireuk	Denbighshire Libraries		public
denver	Denver Public Library		public	athmar park bear valley blair caldwell african american research byers decker eugene field ford warren green ranch hadley hampden montbello hill pauline robinson rodolfo corky gonzales ross barnum broadway cherry creek hills sam gary schlessman family smiley valdez perry virginia westwood woodbury
denverseminary	Denver Seminary	USA	college	auditing student distance doctor ministry potential graduate summer texas
derbycitygb	Derby City Council		public
derbyshireuk	Derbyshire County Council		public	alfreton ashbourne bakewell belper bolsover borrowash brimington buxton chapel chesterfield clay cross clowne creswell dronfield duffield eckington etwall gamesley glossop hadfield hayfield heanor holmewood ilkeston killamarsh long eaton matlock melbourne new mills newbold old whittington pinxton ripley sandiacre shirebrook somercotes normanton staveley swadlincote tideswell whaley bridge whitwell wingerworth wirksworth woodville
deshaw	D.E. Shaw Group		company	desco
desototx	DeSoto Public Library	USA	public
detroitpubliclibrary	Detroit Public Library		public	bowen campbell lawndale station chandler park chaney chase conely duffield edison elmwood franklin frederick douglass for special hubbard jefferson knapp lincoln montieth parkman redford sherwood forest skillman wilder
devoteamrevolve	Devoteam Revolve		company
dfat	Dept of Foreign Affairs and Trade - H.V. Evatt Library	Australia	company	dfat
dia	Defense Intelligence Agency		company
digibel	Busan English Library	South Korea	public
dinecollege	Diné College		college
disneytech	DX Tech and Digital Talent Development		public	disney experiences technology learning
dliflc	Defense Language Institute	USA	college	aiso
dlil	Digital Library of Illinois	USA	public	alsip merrionette park anne lindsey antioch arcola arthur bartlett bement benton bethalto bloomingdale bloomington blue ridge bradley brighton brehm camargo carlinville cary catlin citizens champaign douglass charleston carnegie cherry valley chrisman cissna clifton columbia crete danville deerfield des plaines doyle duquoin eastern edwardsville elk grove elmhurst elwood fairview heights flossmoor fox lake river frank bertetti benld georgetown germantown gilman danforth glen carbon centennial glencoe glenside glenview goose creek grayslake hayner herrin highland homer hoopeston huntley heartland itasca jerseyville kansas bluff forest lincolnwood linda sokol francis brookfield marshall martinsville maryville melvin milford morrison talbott morton prospect moyer nashville new athens newman niles maine northbrook oakwood ogden rose onarga palatine hoffman rand road paris paxton philo pinckneyville piper prairie trails rantoul riverside rolling meadows round schaumburg hanover estate shawneetown sheldon sidell sidney smithton joseph swearingen staunton tolono toluca tri tuscola urbana valmeyer vernon villa warren newport watseka wauconda waukegan weldon chicago union
dlrcoco	Dun Laoghaire-Rathdown County Council Public Library Service	Ireland	public
dls	Defence Library Service		company
dmpl	Des Moines Public Library		public
dod	Department of Defense	USA	company	army mwr marine corps lifelong learning program navy general united states military academy
doescience	Department of Energy, Office of Science		company
dogoklib	Dogok Library	South Korea	public
dogwood	Dogwood Digital Library	USA	college	alamance asheville buncombe technical beaufort bladen blue ridge brunswick caldwell insitute cape fear carteret catawba valley carolina cleveland coastal albemarle craven davidson davie durham edgecombe fayetteville forsyth gaston guilford isothermal james sprunt johnston lenoir martin mayland mcdowell mitchell montgomery pamlico pitt randolph richmond roanoke chowan robeson rockingham rowan cabarrus sampson piedmont southeastern southwestern holt stanly surry vance granville wayne western wilkes wilson
donaldwyatt	Donald Wyatt Correctional Jail		company
donegalcountyie	Donegal County Library	Ireland	public
dorchesterlibrarysc	Dorchester County Library System		public	ashley river george seago jennie mcmahan charleston
dorsetcountynhs	Dorset County Hospital NHS Foundation Trust		company	dorsetcountynhs
dortmund	Stadt- und Landesbibliothek Dortmund	Germany	public
dorval	Dorval Library	Canada	public
douglasbcuk	Douglas City Council		public
douglascpl	Douglas County Public Library	USA	public	lake tahoe
downbeach	Longport Public Library		public
downloadlibrary	downloadLibrary	Canada	public	cambridge clemens mill hespeler preston queens square kitchener country hills forest heights grand river stanley park pioneer perth information network stratford archives region waterloo ayr baden bloomingdale elmira linwood new dundee hamburg clements jacobs wellesley marys john harper mccormick
dpls	Deschutes Public Library	OR, USA	public	downtown bend pine redmond sisters sunriver
drakestate	Drake State Community and Technical College	USA	college
drcldc	Dallas/Rockwall Church Library Digital Collection		company	first baptist park cities trinity bible
drf	Danville Regional Foundation		company
du	University of Denver	USA	college
dualasiapacific	DUAL Asia Pacific		company
dubaipublic	Dubai Public Library - Dubai Culture & Arts Authority	United Arab Emirates	public
dublincityie	Dublin City Libraries	Ireland	public
dubuque	Carnegie-Stout Public Library		public	dubuque
duesseldorf	Stadtbüchereien Düsseldorf		public
duisburg	Stadtbibliothek Duisburg		public
duke	Duke University	USA	college
duke-energy	Duke Energy Corporation		company
dundeecity	Leisure and Culture Dundee	United Kingdom	public
durango	Durango Public Library	USA	public
durhamcounty	Durham County Library	USA	public	bragtown southwest stanford warren
durhamcountyuk	Durham County Council		public
durhamuni	Durham University	United Kingdom	college
dutchbros	Dutch Bros Coffee		company
dwellcc	Dwell Community Church		company
dxcrc	DX-CRC ELIBRARY		company
e-ausleihe-franken	E-Ausleihe Franken	Germany	public	bibliothek markt stockstadt gemeindebucherei cadolzburg gro ostheim kreisbucherei neustadt aisch bad windsheim stadt und schulbucherei gunzenhausen stadtbibliothek bruckenau schwabach stadtbucherei altdorf hochstadt oberasbach pegnitz rodental stein zirndorf
e-inc	E-iNC Library	NC, USA	public	alexander bethlehem barco beaufort hyde martin bath belhaven hazel guilford ocracoke robersonville bhm bladen braswell burke hildebrand morganton valdese camden caswell chatham cleveland columbus corolla davie duplin faison florence gallier phillip leff rose hill warsaw kornegay farmville fontana almond bryson cashiers cherokee cullowhee franklin highlands scaly mountain sylva topton nantahala tuckasegee whittier george laura brown given tufts archives granville grifton halifax enfield littleton scotland neck weldon harnett anderson creek angier coats dunn erwin harold cooley hatteras hocutt ellington jackson jamestown kill devil hills kings mauney lee broadway jonesboro madison hot springs mars manteo mcdowell morehead moyock neuse comfort greene grange maysville pink pollocksville trenton pasquotank pender perry person pettigrew perquimans region shepard pruden tyrrell washington quinerly olschner roanoke rapids robeson gilbert patterson hector maclean pembroke rowland pauls rockingham sampson clinton spring hope stanly thelma dingus bryant toe river valley avery mitchell spruce pine warren wayne wilson yancey
e-medien-franken	eMedien Franken	Germany	public	bibliothek markt hochberg bucherei stadtpark kulmbach gemeindebibliothek elsenfeld kahl gemeindebucherei eckental feucht schwaig schwanstetten schwarzenbruck wendelstein mediathek neustadt bei coburg stadtbibliothek kuk dettelbach dinkelsbuhl erlenbach rothenbach treuchtlingen weissenburg stadtbucherei ansbach bad kissingen feuchtwangen hersbruck lauf mellrichstadt roth rothenburg wurzburg stadtische volksbucherei furth
e-stockton	Stockton-on-Tees Libraries	United Kingdom	public	council
e-thek	e-Thek	Switzerland	public	kantonale schule fur berufsbildung bbb berufsfachschule baden bbz solothurn grenchen bff bern gibb gymki gymnasium kirchenfeld neufeld oberaargau und bzl fms lerbermatt basel berufsschule lenzburg bibliothek immensee burgdorf mediothek mediathek interlaken berufsbildungszentrum olten hofwil thun kantonsschule stein mittelschule uri kantonsschulen zug gibz allgemeine zurich baugewerbliche bbw winterthur berufsmaturitatsschule detailhandel ruti bildungszentrum uster zurichsee maturitatsschule erwachsene freudenberg enge hottingen kusnacht limmattal ramibuhl rychenberg stadelhofen hohe promenade wiedikon zimmerberg zurcher oberland unterland nord technische zentralbibliothek
eacc	East Arkansas Community College	USA	college
eafit	Universidad EAFIT	Colombia	college
easternflorida	Eastern Florida State College	USA	college
easternuni	Eastern University	USA	college
eastgippsland	East Gippsland Shire Library	Australia	public
eastindiaclub	The East India Club		company
eastlothianuk	East Lothian Library Service		public
eastmanchemical	Eastman Chemical Company		company
eastonpl	Easton Library District	PA, USA	public	bangor barrett paradise friendly clymer association eastern monroe mary meuser pocono mountain western
eastridinguk	East Riding Libraries		public	beverley bridlington brough petuaria cottingham driffield flamborough goole haltemprice customer hedon hessle hornsea howden leven market weighton wicstun ferriby pocklington pocela snaith cave stamford bridge swanland swa willerby withernsea
eastsussexlibrary	East Sussex County Council	United Kingdom	public	battle bexhill crowborough eastbourne forest row hailsham hampden park hastings heathfield hollington lewes newhaven peacehaven rye seaford uckfield wadhurst
eausleihe-hannover	Stadtbibliothek Hannover	Germany	public
ebccls	BCCLS	USA	public	allendale lee bergenfield bloomfield bogota carlstadt william dermody cliffside park closter cresskill demarest dumont dixon homestead rutherford edgewater elmwood richard mola emerson englewood fair lawn maurice pine fairview franklin lakes garfield glen ridge rock hackensack johnson harrington hasbrouck heights haworth hawthorne louis bay 2nd hillsdale hoboken grand street kus worth pinkham leonia little ferry livingston lodi lyndhurst mahwah maplewood hilton maywood midland millburn montclair bellevue avenue montvale new milford arlington bergen guttenberg recreation northvale norwood nutley oakland office test old tappan oradell palisades paramus charles reid ramsey ridgefield ridgewood river edge vale rochelle roseland saddle brook secaucus katherine steffens orange baird teaneck tenafly washington upper waldwick wallington veterans weehawken caldwell westwood wood wyckoff cooperative
eblink	eBLINK	Norway	college	norwegian science technology
ebonnerlibrary	East Bonner County Library District		public	clark fork
ebooksforyou	eBooks for You	Switzerland	public	bcu fribourg kub freiburg kornhausbibliotheken bern
ebookssjclibrary	San Juan Community Library		public	bucaplaa
ebooksusa	U.S. Embassy Berlin	Germany	company	carl schurz haus freiburg dai heidelberg
ebr	East Baton Rouge Parish Library		public	baker bluebonnet carver delmont gardens eden park fairwood greenwell springs road jones creek pride chaneyville river scotlandville zachary
ebranch2go	eBranch2Go	USA	public	allen pierce annie halenbake ross barbours link bloomsburg blossburg bradford columbia traveling coudersport degenstein konkle elkland galeton genesee green canton herr hughesville james brown jersey shore knoxville lycoming mansfield mather mcbride milton monroeton montgomery house warrior run muncy oswayo valley priestley forsyth for union sayre snyder spalding sullivan wellsboro thomas beaver towanda end westfield willis lewis wyalusing
ecb	European Central Bank (ECB)		company
eccbc	ECCBC Digital Library		company
ecoop	E-Library Co-Op of Southeast Louisiana	USA	public	bernard charles hahnville norco paradis rose john baptist edgard garyville reserve terrebonne bourg dularge houma gibson grand caillou montegut
ecpl	East Chicago Public Library		public	151st street bessie owens heritage hall marktown martin luther king penn roberto clemente
ecrl	East Central Regional Library		public	aitkin cambridge chisago lakes hinckley mcgregor milaca mille lacs lake mora pine princeton rush sandstone wyoming giese
edc	Export Development Canada		company
edgehill	Edge Hill University	United Kingdom	college
edinburgh	Edinburgh Libraries	United Kingdom	public	art balerno balgreen blackhall childrens lending colinton corstorphine craigmillar currie drumbrae hub scottish collection information fountainbridge gilmerton granton kirkliston leith mcdonald road moredun morningside muirhouse music newington oxgangs piershill portobello ratho sighthill neighbourhood office queensferry stockbridge wester hailes
edinburghkids	Edinburgh Kids & Teens	United Kingdom	public
edlcuk	East Dunbartonshire Libraries	United Kingdom	public	bearsden bishopbriggs craighead lennoxtown lenzie milngavie westerton william patrick
edownload	Lambton County Library	Canada	public	alvinston arkona brigden brights grove camlachie corunna courtright florence forest grand bend inwood mallroad mandaumin mooretown oil springs petrolia point edward port franks sarnia shetland sombra thedford watford wilkesport wyoming
edsn	Educational Development and Support Network		company
egfmn	East Grand Forks-Campbell Library	USA	public
eia	Universidad EIA	Colombia	college
ejlibrary	Edward Jones		company	digital
elend	eLEND		company
elibrary	Newfoundland & Labrador Public Libraries	Canada	public	arnolds cove baie verte bay roberts george bell island bishops falls bonavista botwood brigus buchans burgeo burin cape carbonear carmanville cartwright centreville inter change islands churchill clarenville codroy valley conception cormack corner brook cow head daniels harbour deer lake fogo fortune fox gambo gander region exchange garnish gaultois glenwood glovertown grand bank harmsworth greenspond happy goose melville breton grace hare harrys hermitage holyrood kings point scie margaret butt lanse loup lark lewisporte lourdes lumsden marystown pearl musgrave john wheeler norris arm old perlican pasadena placentia leamington port aux basques saunders pouch ramea marie penney rocky seal white sops southern springdale albans anthony bridess georges johns hunter marjorie mews michael donovan lawrence lunaire griguet stephenville crossing kindale summerford torbay trepassey trinity twillingate victoria wabush wesleyville whitbourne winterton woody
elibrary247	eLibrary 24/7	Australia	public	burwood canada bay inner council strathfield innovation hub
elibrarybw	Büchereien Wien	Austria	public
elibraryhh	Bücherhallen Hamburg	Germany	public	alstertal altona barmbek bergedorf billstedt bramfeld dehnhaide eidelstedt eimsbuettel elbvororte farmsen finkenwerder fuhlsbuettel harburg hoeb4u jugendbibliothek hohenhorst holstenstrasse horn kinderbibliothek kirchdorf langenhorn lokstedt muemmelmannsberg neuallermoehe neugraben niendorf osdorf rahlstedt schnelsen steilshoop volksdorf wandsbek wilhelmsburg winterhude zentralbibliothek
elibrarynj	eLibrary NJ	NJ, USA	public	avon belleville belmar bound brook bradley beach orange ampere elmwood franklin educational testing ets freehold hamilton harrison hoboken infolink cjrlc irvington kearny linden mercer ewing hickory corner hightstown hollowbrook hopewell lawrence robbinsville twin rivers windsor middletown millburn neptune new jersey state newark pennington sea girt spring lake stella asbury park carteret clark cranbury cranford dunellen brunswick edison clara barton elizabeth elmora port lacorte fanwood garwood highland hillside jamesburg kenilworth keyport long elberon matawan aberdeen metuchen middlesex milltown monroe old bridge laurence harbor perth amboy piscataway kennedy westergard plainfield plainsboro rahway red bank roselle veterans sayreville scotch plains sadie pope dowdell river spotswood springfield union vauxhall westfield trenton briggs cadwalader skelton woodbridge fords henry inman iselin
elin	Estacado Library Information Network		public	eunice hobbs lovington woolworth
elm	eLibraries Manitoba	Canada	public	bette winner bibliotheque allard beaches montcalm municipale broquerie pere champagne ritchot somerset claude anne tache boissevain morton archives border elkhorn mcauley virden boyne bren del win centennial brokenhead river churchill emerson eriksdale evergreen arborg gimli riverton flin flon gaynor family glenwood souris headingley jake epp jolys lac bonnet lakeland killarney louise manitou minnedosa norfolk macgregor benito swan parkland pauline johnson pinawa portage prairie crocus argyle rapid reston rossburn russell snow lake interlake southwestern melita pierson springfield rose pas thompson ucn chemawawin norway house valley victoria western
elnb-bnnb	Bibliothèques publiques du N.-B. / New Brunswick Public Libraries	Canada	public	bibliotheque communautaire harvey stanley dupper miramichi scolaire doaktown grand manan dre marguerite michaud centenaire campbellton centennial dalhousie cormoran publique andrew laura mccain florenceville carrefour beausoleil claude lebouthillier bas caraquet bathurst campobello cap pele chatham chipman dieppe dorchester fredericton nashwaaksis sault falls hillsborough kedgwick kennebecasis lameque mcadam memramcook minto moncton newcastle perth andover petitcodiac petit rocher port elgin richibucto riverview rogersville sackville john succursale centrale est ouest salisbury shediac tracadie walter chestnut hartland lorne violette fay tidd oromocto gerald leblanc bouctouche fisher moisson quentin laval goupil shippagan mgr paquet plourde robichaud conway edmundston omer leger antoine raymond lagace atholville croix stephen nackawic plaster rock regionale sussex ross andrews
elonnc	Elon University		college
elpaso	El Paso Public Library	USA	public	armijo clardy fox dorris van doren epcc esperanza acosta moreno irving shwartz jose cisneros cielo vista judge edward marquez park parkland middle richard burges sergio troncoso westside
elprlibrary	Lonesome Pine Regional Library		public	bascom slemp coeburn haysi fred matthews jonnie deel lee mailbox rose hill scott wise
emanuelnyc	Temple Emanu-El		company
emcfl	Monterey County Free Libraries	CA, USA	public	aromas big sur bradley buena vista carmel valley castroville gonzales greenfield king marina pajaro parkfield prunedale san ardo lucas seaside soledad
emcins	Employer's Mutual Casualty Company (EMC Insurance)		company
emedialibrary	eMediaLibrary	IL, USA	public	addison batavia bensenville carol stream chicago ridge downers grove franklin park geneva glen ellyn helen plum hinsdale indian prairie lisle messenger aurora oak brook ofallon poplar creek roselle charles sugar country warrenville wheaton winfield
emedienlaendle	eMedienländle		public	bucherei dunningen rangendingen spraitbach emedienaendle stadtbucherei waldenburg hohenlohe
emory	Emory University	USA	college	candler theology
emu	eMedien Unterfranken	Germany	public	bucherei veitshochheim gemeindebibliothek bergrheinfeld grafenrheinfeld niederwerrn wildflecken stadtbibliothek hammelburg karlstadt marktheidenfeld
enalis	National Library and Information System Authority		public	nalis
endavauniversity	Endava		company
enhtnhs	East and North Hertfordshire Teaching NHS Trust		company
enveda	Enveda		company
eodls	Eastern Oklahoma Library System	USA	public
epannapolis	Evangelical Presbyterian Church		company
epl	Edmonton Public Library	Canada	public
epukapuka	Lower North Island	New Zealand	public	carterton hawkes bay hastings horowhenua hutt kapiti coast manawatu hub masterton napier palmerston porirua puke ariki rangitikei ruapehu taranaki wairarapa featherson greytown hall martinborough stratford tararua taupo upper wairoa centennnial whanganui
equityresourcelibrary	Henry Parkes Equity Resource Centre	Australia	company
ereolenglobal	eReolen Global	Denmark	public	aabenraa bibliotekerne aalborg aarhus kommunes biblioteker albertslund bibliotek aller assens ballerup billund bornholms ndby nderslev byarbokasavni drag egedal esbjerg faaborg midtfyn favrskov faxe fredensborg fredericia frederiksberg frederikshavn frederikssund fures gentofte gladsaxe glostrup greve gribskov guldborgsund haderslev halsn kommune hedensted helsing herlev herning hiller rring taastrup holb holstebro horsens rsholm hvidovre ikast brande ish jammerbugt kalundborg kerteminde benhavns kolding langeland lejre lemvig lolland lyngby taarb mariagerfjord middelfart mors folkebibliotek stved norddjurs nordfyns nunatta atuagaateqarfia det nlandske landsbibliotek nyborg odder odense centralbibliotek odsherred kulturhuse randers rebild ringk bing skjern ringsted dovre kommunebiblioteker roskilde rudersdal sams silkeborg skanderborg skive slagelse solr nderborg sor stevns struer svendborg syddjurs tarnby thisted nder varde vejen vejle vesthimmerlands viborg vordingborg
ericksonhall	Erickson-Hall Construction Co		company
erieinsurance	Erie Insurance		company	corporate
erielibrary	Erie County Public Library	USA	public	albion corry edinboro blasco iroquois avenue lincoln mccord millcreek rice union waterford
esneft	East Suffolk and North Essex NHS Foundation Trust		company
esperanzac	Esperanza College		college
essexca	Essex County Library	Canada	public	amhertsburg comber cottam harrow kingsville lakeshore lasalle leamington mcgregor ruthven stoney point tecumseh woodslee
essexcountyuk	Essex Library Service	United Kingdom	public	basildon billericay braintree brentwood brightlingsea broomfield buckhurst hill burnham crouch canvey island chelmsford chigwell chipping ongar clacton coggeshall colchester danbury debden dunmow earls colne epping frinton fryerns galleywood great baddow parndon tarpots wakering greenstead hadleigh halstead harlow harwich hatfield peverel hockley holland hullbridge ingatestone kelvedon laindon loughton maldon manningtree mark hall melbourne weald old pitsea prettygate rayleigh rochford saffron walden shenfield sible hedingham silver end benfleet woodham ferrers southminster springfield stansted stanway stock thaxted tiptree tye green vange waltham abbey walton mersea wickford wickham bishops witham wivenhoe writtle
essexuni	The University of Essex	United Kingdom	college
etown	Elizabethtown College	USA	college
eumetsat	EUMETSAT		company
eunc	European Nazarene College	USA	college
eunoiaj	Eunoia Junior College		college
eur	Erasmus University Rotterdam		college
eureka	Eureka College	USA	college
evanstonlibrary	Evanston Public Library		public	robert crown
everett	Everett Public Library	WA, USA	public	evergreen
everettcc	Everett Community College		college
evpl	Evansville Vanderburgh Public Library		public	mccollough park oaklyn red bank stringtown
exeteruk	University of Exeter		college
expandenergy	Expand Energy		company
fairfax	Fairfax County Public Library	USA	public	burke centreville chantilly culmore dolley madison george mason great falls herndon fortnightly john marshall kings park kingstowne lorton martha washington oakton patrick henry pohick reston richard byrd sherwood thomas jefferson tysons pimmit
fairfield	Fairfield Public Library		public	woods
fairfieldedu	Fairfield University		college
fairfieldnsw	Fairfield City Open Libraries	Australia	public
faithmc	Faith Methodist Church Singapore	Singapore	company
falkirkuk	Falkirk Libraries	United Kingdom	public
falklandcommunitylibrary	Falkland Community Library		public
fandm	Franklin & Marshall College	USA	college
farnct	Farnborough College of Technology		college
fba	First Baptist Church of Atlanta		company	fba
fbcl	First Baptist Longview		company
fbi	Federal Bureau of Investigation Library		company
fbkosciusko	First Baptist Church Kosciusko		company
fclspa	Franklin County Library System		public	alexander hamilton blue ridge summit coyle loudon fulton grove family hustontown lilian besore thomas
fcsamerica	Farm Credit Services of America		company
fdicorp	FDIC Library (Federal Deposit Insurance Corp.)	USA	company
fdltcc	Fond du Lac Tribal & Community College	USA	college	ruth myers
fdot	Florida Department of Transportation	FL, USA	company
fdsm	Fudan University - School of Management		college
fgculibrary	Florida Gulf Coast University	USA	college
fieldstbaptist	Field Street Baptist Church		company
fieldsteinlib	Feldstein Library, Congregation Neveh Shalom		company
fifeuk	Fife Libraries		public	aberdour auchtermuchty buckhaven burntisland cadham cardenden cowdenbeath cupar dalgety bay duloch dunfermline carnegie galleries elie inverkeithing heritage jennie lee lochgelly kelty kennoway kincardine kirkcaldy ladybank leslie leven lochore methil newburgh newport oakley onfife rosyth rothes halls andrews monans tayport templehall valleyfield waid
fingalcountyie	Fingal County Library	Ireland	public
first	First Regional Library		public	chain batesville emily jones pointer james anderson jessie edwards lafayette oxford davis dye robert irwin robinsonville sam lapidus sardis senatobia walls
fitchburgstate	Fitchburg State University	USA	college
fittech	Fit Technologies		company
fjclib	Fujian Juvenile & Children's Library		public
flatiron	Flatiron Health		company
flint	Gloria Coles Flint Public Library		public
flls	Finger Lakes Library System		public	apalachin aurora berkshire candor coburn cortland edith ford fair haven george susan platt cady groton hazard interlaken kellogg lamont lansing lodi whittier newfield peck phillips port byron powers seneca falls seymour spencer springport stewart lang tappan spaulding southworth association tompkins ulysses philomathic waterloo historical society waverly weedsport
floridacf	Florida Correctional Facilities	USA	company
flowermound	Flower Mound Public Library	USA	public
fmb	Fort Myers Beach Public Library	FL, USA	public
foalibrary	Finance of America		company
focusonthefam	Focus on the Family		company
ford	Ford Motor Company		company
forsyth	Forsyth County Public Library		public	cumming denmark hampton post road sharon forks
fortbend	Fort Bend County Libraries	USA	public	albert george cinco ranch first colony law digital fulshear mamie mission missouri sienna sugar land
fortvancouver	Fort Vancouver Regional Libraries		public	fvrl battle ground cascade park goldendale green mountain express bonneville operations ridgefield stevenson three creeks mall washougal white salmon valley woodland yacolt yale
fourcounty	Four County Library System		public	afton andes bainbridge bovina broome cannon cherry valley deposit edmeston fairview fenton franklin george johnson gilbertsville guernsey harris otego huntington kinney lisle louise adelia read mary wilcox masonville sidney mcdonough oxford milford moore morris new berlin nineveh otselic richfield springs roxbury association sherburne mpl skene smyrna springfield stamford unadilla vestal cooperstown william ogden worcester your home
fox	FOX		company
franken	OverDrive Verbund Franken	Germany	public	bibliotheks und informationszentrum hassfurt bibliothekszentrum hosbach gemeindebibliothek karlstein kreisbibliothek kronach stadtbibliothek alzenau bad neustadt bayreuth erlangen gerolzhofen lohr munchberg ochsenfurt wunsiedel stadtbucherei bamberg coburg forchheim herzogenaurach hof kitzingen lichtenfels marktredwitz selb
frankston	Frankston City Libraries		public
fraser	University of the Fraser Valley	Canada	college
frasercoast	Fraser Coast Regional Libraries		public
fraserhospfed	Federation of Fraser Region Hospice Societies		company	fraserhospfed
frb	Federal Reserve Bank Libraries		company	richmond
fredhutch	Fred Hutch Cancer Center		company
freelibrary	The Free Library of Philadelphia		public	andorra blanche nixon cobbs creek bushrod bustleton cecil moore charles durham santore chestnut hill eastwick falls schuylkill fishtown fox chase frankford fumo family greater olney haddington haverford holmesburg independence joseph coleman northwest katharine drexel kensington kingsessing lawncrest lehigh logan lovett lucien blackwell lib mcpherson square nicetown tioga northeast oak lane ogontz overbrook park parkway paschalville institute queen ramonita rodriguez richmond roxborough tacony thomas donatucci torresdale wadsworth walnut street welsh road whitman widener wynnefield wyoming
freiburg	Stadtbibliothek Freiburg		public
fremont	Fremont Public Library		public
fresno	Fresno County Public Library		public	auberry bear mountain betty rodriguez big creek caruthers clovis easton fig garden firebaugh fowler gillis kerman kingsburg laton mendota mosqueda orange cove parlier piedra pinedale politi reedley riverdale san joaquin sanger selma shaver lake sunnyside talking book for blind teague tranquillity woodward park
frimleynhs	Frimley Health NHS Foundation Trust		company
frisco	Frisco Public Library	USA	public
frontrange	Front Range Downloadable Library	USA	public	boulder carnegie george reynolds meadows broomfield lafayette longmont louisville loveland westminister westminster hill irving street
fselibrary	Free State Public Library System	South Africa	public	africa
fsucard	FSU Center for Autism and Related Disabilities		company
fuelyourmind	White Pine Library Cooperative		public	aitkin alma ashley bad axe bridgeport briggs brown bullard sanford caro columbia deckerville elsie fairgrove frankenmuth wickson gladwin beaverton harbor beach houghton lake howe iosco arenac augres tawas mary johnston omer plainfield robert parks whittemore administrative offices jacquelin opperman marlette mayville merrill millington arbela moore ogemaw skidway ovid pigeon port austin rauchholz rawson reese unity river rapids sandusky sanilac sebewaing sherman sleeper charles taymouth theodore cutler thomas fleschner thompson home watertown
fukuyama-library	Fukuyama City Library	Japan	public
fulcolibrary	Fulton County Library System		public	adams park adamsville collier heights alpharetta auburn avenue research bowen homes buckhead carver atlanta pls cleveland dogwood point roswell fairburn downloadable media georgia hill gladys dennard hapeville kirkwood martin luther king mechanicsville metropolitan milton northeast spruill oaks northside northwest scotts crossing ocee palmetto peachtree ponce leon sandy springs southeast southwest washington end wolf creek
fullerton	Fullerton Public Library		public	hunt
fundacionepm	Fundación EPM-Biblioteca EPM	Colombia	public
fvrl	Fraser Valley Regional Library	Canada	public	abbotsford administrative agassiz aldergrove boston bar brookswood chilliwack clearbrook dean drysdale langley george mackie hope ladner pioneer maple ridge mission lehman muriel arnason murrayville pitt meadows sardis terry fox tsawwassen white rock yale yarrow
fwpl	Fort Worth Public Library	USA	public	clifford crossing diamond hill jarvis downtown express berry ella mae shamblee history golden triangle gran biblioteca meadowbrook northside northwest reby cary youth ridglea riverside southwest summerglen wedgwood
fxplus	Falmouth University	United Kingdom	college
fyul	FYUL		company
gaaugusta	Augusta Technical College		college
gadd	Georgia Download Destination	USA	public	athens oconee aaron heard resource clarke bogart franklin royston lavonia carnegie lay park madison oglethorpe pinewoods learning winterville augusta richmond azalea greene hancock jasper monroe walton morgan okelly putnam stanton walnut grove bartram trail mary willis taliaferro thomson mcduffie brooks catoosa cherokee chestatee dawson satellite lumpkin clayton coastal plain columbia evans grovetown harlem cornelia habersham soto dougherty eastern burke lincoln midville sardis warren elbert flint river hall hart henry houston centerville nola brantley perry jefferson louisville mccollum wadley kinchafoonee lbrls lake blackshear lee marshes glynn middle moultrie colquitt mountain fannin towns union newton ocmulgee ohoopee okefenokee peach piedmont pine butler donnell jackson greenville hightower manchester reynolds talbot yatesville rabun roddenbery sara satilla screven jenkins smyrna southwest decatur gilbert gragg miller james merritt seminole statesboro emanuel candler anderson pembroke hill bulloch thomas three rivers toccoa stephens troup harris twin lakes worth
gailborden	Gail Borden Public Library District		public	rakow elgin
galwayie	Galway Public Library	Ireland	public
gao	US Government Accountability Office	USA	company
gatech	Georgia Tech Library	USA	college
gatineauca	Gatineau Public Library		public	home borrower
gcldaz	Gila County Library District		public	globe hayden isabelle hunt miami payson san carlos tonto basin young
gclib	Gwacheon Public Library	South Korea	public
geh-online	GEH-online	Germany	public	bucherei elbmarsch harsefeld horneburg neu wulmstorf gemeindebucherei stelle samtgemeindebucherei hollenstedt jesteburg stadtbibliothek stade stadtbucherei bad salzdetfurth buchholz
geodis	GEODIS		company
georgefoxu	George Fox University		college
georgehull	The George Hull Centre		company
georgesriver	Georges River Council Library	Australia	public	clive james kogarah hurstville oatley penhurst
georgiahighlands	Georgia Highlands College	USA	college
georgiapacific	Georgia-Pacific, LLC		company	neenah technical
georgiasouthern	Georgia Southern University	USA	college	lane zach henderson
germantownbaptist	Germantown Baptist Church		company
ghea21	GHEA21		college
gia	Gemological Institute of America	USA	college
gifucity-d-library	Gifu City Library	Japan	public
glasgow	Glasgow Libraries	United Kingdom	public	anniesland baillieston barmulloch bridgeton cardonald castlemilk couper institute dennistoun drumchapel elder park gorbals govanhill hillhead ibrox knightswood langside goma bridge maryhill milton mitchell parkhead partick pollok pollokshaws pollokshields possilpark riddrie royston shettleston springburn whiteinch woodside
glasgowkids	Glasgow Kids	United Kingdom	public	mitchell
gldl	Great Lakes Digital Libraries	MI, USA	public	alanson alpena bay mills bessemer calumet carp lake crawford devereaux frederic crystal falls curtis dickinson escanaba forsyth gladstone hancock houghton portage schools ironwood carnegie ishpeming linden hubbell lanse little traverse bands odawa indians mackinac island manistique mcmillan menominee hermansville munising negaunee ojibwa ontonagon peter white richmond roscommon lyon solomonson spies ignace superior bayliss brevort detour drummond engadine les cheneaux mollie kahl pickford wakefield iron whitefish
glllibraries	Better Libraries Digital Consortium	United Kingdom	public	schools collection bromley dudley brierley hill coseley cradley gornal halesowen kingswinford long lane lye netherton sedgley stourbridge wordsley greenwich abbey wood blackheath charlton house coldharbour eltham housebound home new plumstead slade thamesmere formally claude ramsey woolwich morden primary newhaven cecilias church england sheringdale southfields academy wandsworth heritage balham battersea park earlsfield northcote putney roehampton tooting york gardens polytechnic for girls
global	Global Christian University	USA	college
globalaffairsca	Global Affairs, Government of Canada	Canada	company
gmlc	Green Mountain Library Consortium	VT, USA	public	abbott ainsworth albany alburgh aldrich alice ward arvin brown baldwin barnet barton baxter bennington benson bent northrop bethel elementary bixby blake bradford brandon brookfield brooks brownell burnham butterfield cabot calef carpenter carse castleton cavendish fletcher champlain valley union high charlotte chelsea chittenden cobleigh cornwall craftsbury academy cutler dailey danville davies deborah rawson dorothy alling dorset dummerston enosburg falls junior senior enosburgh essex fair haven fairfax fairlee flood brook georgia gilbert hart glover grafton grand isle groton guilford brigham hancock hartford hartland haskell haston highgate huntington ilsley island pond motte jaquith jericho jeudevine john mccullough johnson jones joslin kellogg hubbard kimball lanpher latham lawrence leach lincoln maclure manchester martha canfield mary blood middletown springs milton monkton montgomery moore moretown morrill harris morristown centennial abraham new norman williams hero norwich orwell pawlet peacham pierson platt pope poultney proctor putney quechee kittay reading richmond rochester rockingham roger clark roxbury royalton russell rutland salisbury
gmtti	Global Medical & Technical Training Institute		college
gofurther	Go Further		company	search discovery
goldcoast	Gold Coast Libraries	Australia	public	broadbeach burleigh heads waters coolangatta elanora helensvale nerang palm beach robina runaway bay southport upper coomera
gotlib	Biblioteken i Göteborg	Sweden	public	stadsbiblioteket
goucherlibrary	Goucher College Library	USA	college
govst	Governors State University		college
gplebooks	Gary Public Library		public	carter woodson kennedy
gpls	Guam Public Library System		public
gptx	Grand Prairie Public Library System		public	betty warmack tony shotwell
greaterdandenong	Greater Dandenong Libraries	Australia	public
greatormond	Great Ormond Street Hospital	United Kingdom	company
greenberg	Greenberg Families Library		company
greengoldlibraries	Green Gold Consortium	LA, USA	public	bienville arcadia castor ringgold saline bossier claiborne desoto logansport mansfield pelican stonewall grant lincoln natchitoches red river sabine shreve webster cotton valley doyline heflin minden sarepta sibley springhill winn
greensboropubliclibrary	Greensboro Public Library	USA	public	benjamin glenn mcnairy glenwood hemphill kathleen clay edwards family mcgirt horton vance chavis
greenvillesc	Greenville County Library System		public	anderson road augusta ramsey family berea sarah dobey jones five forks fountain inn kerry ann younts culp greer jean smith hughes mauldin jack pelham symmes simpsonville hendricks taylors burdette travelers rest sargent
greenvilleu	Greenville University	USA	college
greenwich	Greenwich Library		public	byram shubert cos cob perrot
greenwoodsc	Greenwood County Library System		public	ninety six ware shoals
griver	Great River Regional Library	MN, USA	public	albany annandale becker belgrade big lake buffalo clearwater cokato cold spring delano eagle bend elk foley grey howard kimball little falls long prairie melrose monticello paynesville pierz richmond rockford royalton sauk cloud michael staples swanville upsala waite park
groundworks	Groundworks		company
grpl	Grand Rapids Public Library		public	madison square ottawa hills seymour van belkum leonard side yankee clipper
grupobolivar	Grupo Bolivar		company
gscclibrary	Gadsden State Community College		college
guernseypublic	Guernsey Public Library		public
gulfseminary	Gulf Theological Seminary		college
gundersenhealth	Gundersen Mooney Stanek Libraries		company
gundersenlibrary	Gundersen Health Sciences Library		company
gvpl	Greater Victoria Public Library	Canada	public	bruce hutchison saanich emily carr esquimalt goudy james bay juan fuca langford heritage nellie mcclung oak centennial
gvrlc	Goulburn Valley Regional Library Corporation	Australia	public
gwangjinlib	Gwangjin District Public Library	South Korea	public
gwinnett	Gwinnett County Public Library		public	buford sugar hill centerville collins dacula duluth elizabeth williams snellville five forks grayson hamilton mill lawrenceville lilburn mountain park norcross peachtree corners suwanee
gwu	George Washington University	USA	college
gwynedduk	Gwynedd Libraries		public
gylib	Gwangyang Library	South Korea	public
gympie	Gympie Regional Libraries	Australia	public	digital
habibuni	Habib University		college
hacc	Harrisburg Area Community College	USA	college	hacc
hadc	Houston Area Digital Media Catalog	TX, USA	public	bellaire chambers deer park friendswood hebert helen hall hughes mae bruce pasadena port arthur rosenberg sterling wharton
halifax	Halifax Public Libraries	Canada	public	alderney gate bedford captain william spry cole harbour dartmouth shatford keshen goodman musquodoboit sackville sheet tantallon woodlawn
halle	Stadtbibliothek Halle	Germany	public
hamadmedical	HMC Person-Centered Care Cultural Experience Library		company
hamiltondiocesebfl	Bishop Farrell Library		company
hamiltonnz	Hamilton City Libraries		public
hamline	Hamline University	USA	college
hammondcare	HammondCare	Australia	company
hancock	Hancock County Library System	MS, USA	public	kiln pearlington waveland
hancockcollege	Allan Hancock Community College	USA	college
hansonsd	Hanson Community Library		public
hardinguniversity	Harding University	USA	college
harperadams	Harper Adams University	United Kingdom	college
harpercollege	Harper College		college
harpercollinsinfocenter	HarperCollins		company
harrogatenhs	Harrogate and District NHS Foundation Trust		company
harryda	Biblioteken i Härryda kommun	Sweden	public
harvardu	Harvard University	USA	college
haskell	Haskell Indian Nations University		college	tommaney
hawaii	Hawaii State Public Library System	USA	public	aiea aina haina ewa beach hana hanapepe kai hilo honokaa kahuku kahului kailua kona kaimuki kalihi palama kaneohe kapaa kapolei keaau kealakekua kihei koloa lahaina lanai laupahoehoe lbph lihue liliha makawao manoa mccully moiliili mililani molokai view naalehu nanakuli kohala pahala pahoa pearl princeville salt lake thelma parker wahiawa waialua waianae waikiki kapahulu wailuku waimanalo waimea waipahu
hawkesbury	Hawkesbury Library Service	Australia	public
hayley-group	Hayley Group Limited		company
hbpl	Huntington Beach Public Library	USA	public	banning helen murphy street oak view
hccc	Hudson County Community College	USA	college
hcdl	Hancock County Download Library	ME, USA	public	blue hill buck chase emerson ellsworth friend jesup northeast harbor somesville association southwest stonington winter witherle
hcln	High Country Library Network	Australia	public
hcml	Horry County Memorial Library	USA	public
hcpl	Harris County Public Library		public	aldine atascocita baldwin boettcher barbara bush clear lake freeman crosby evelyn meador fairbanks galena park law high meadows jacinto katherine tyra katy kingwood porte lone star fair tomball maud marks channel northwest octavia fields parker williams houston spring stratford texas medical
hcplc	Hillsborough County Public Library Cooperative		public	78th street arthenia joyner austin davis bloomingdale brandon bruton blythe andrews charles fendig egypt lake partnership jan kaminis platt jimmie keel john germany loretta ingraham lutz maureen gauzza new tampa norma joseph robinson sulphur springs patel conservatory planning commission port quintilla geer archives riverview robert saunders ruskin science mosi museum industry seffner mango seminole heights southshore sun temple terrace thonotosassa country
hcplibrary	Hancock County Public Library		public	sugar creek
hct	Higher Colleges of Technology	United Arab Emirates	college	abu dhabi mens womens dubai fujairah madinat zayed ras khaimah ruwais sharjah
hcu	Heritage Christian University	USA	college
healthreghub	Health Regulatory Hub Library		company
hempcolib	Hempstead County Library		public
hendersonlibraries	Henderson Libraries		public	green valley james gibson paseo verde
henrico	Henrico County Public Library		public	fairfield gayton glen allen libbie mill government law located within tuckahoe park sandston twin hickory varina
hepl	Hamilton East Public Library		public	fishers noblesville
hertfordshireuk	Hertfordshire Libraries		public	abbots langley adeyfield baldock berkhamsted bishops stortford borehamwood bovingdon brookmans park buntingford bushey stocks unit cheshunt chorleywood croxley green cuffley goffs oak harpenden hatfield hemel hempstead hertford hitchin hoddesdon kings knebworth letchworth leverstock london colney marshalswick watford oakmere oxhey performing arts radlett redbourn rickmansworth royston sawbridgeworth albans stevenage old tring waltham cross ware welwyn garden wheathampstead woodhall
hhmi	Howard Hughes Medical Institute		company
highlandparktexas	Highland Park Library		public
highplains	High Plains Library District	USA	public	carbon valley centennial park eaton erie farr lupton glenn jones hudson kersey lincoln nantes northern platteville riverside cultural wellspring
hilib	Hainan Library (海南省图书馆)		public
hillingdonuk	Hillingdon Libraries	United Kingdom	public
hindscc	Hinds Community College	USA	college
hkpl	Hong Kong Public Libraries (HKPL)	Hong Kong	public
hollins	Hollins University		college
holmeslibrary	Holmes Community College	USA	college
holocaustmem	Holocaust Memorial Miami Beach		company
homertonnhs	Homerton Healthcare NHS Foundation Trust		company
honcclib	Honolulu Community College	USA	college
hoodcounty	Hood County Public Library	USA	public
hoodseminary	Hood Theological Seminary		college
hopkinscc	Hopkinsville Community College		college
hornsby	Hornsby Shire Library & Information Service	Australia	public	berowra galston pennant hills
hortlibrary	Horticulture Library Consortium		company	atlanta botanical garden chicago botanic longwood gardens
houseofwisdom	House of Wisdom	United Arab Emirates	public
houstonlibrary	Houston Public Library	USA	public
houstonmet	Houston Methodist Sugar Land Hospital		company
howardcc	Howard Community College	USA	college
hpl	Hamilton Public Library	Canada	public	ancaster barton binbrook carlisle concession dundas freelton greensville kenilworth locke lynden hope red hill saltfleet sherwood stoney creek terryberry turner park valley waterdown westdale
hplct	Hartford Public Library		public
hpulibraries	High Point University	USA	college
hrh	Humber River Health		company
hslda	Home School Legal Defense Association	Canada	company
hubei	Hubei Provincial Library (湖北省图书馆)		public
hubspot	HubSpot		company
hudl	Hudl		company
huie	Henderson State University, Huie Library	USA	college	digital
hulllibrariesuk	Hull Libraries	United Kingdom	public
hulluni	University of Hull	United Kingdom	college
humber	Humber College	Canada	college
hunterlibrariesgroup	Hunter Libraries Group		public	cessnock maitland rutherford thornton muswellbrook shire singleton upper
huntingdon	Huntingdon College	USA	college
huntingtonuniversity	Huntington University	USA	college
hzlib	Hangzhou Public Library (杭州图书馆)		public
iberoco	Corporación Universitaria Iberoamericana	Colombia	college
icanabcl	ICANA - el Centro Binacional (American Spaces)	Argentina	company
icculibrary	Idaho Central Credit Union	USA	company
icesi	Universidad ICESI	Colombia	college
ichikawaekinan	Ichikawa City Ichikawa Station South Gate Library (Viax)	Japan	public
icpl	Digital Johnson County	IA, USA	public	coralville iowa liberty
id8	ID8 Digital Library	USA	public	ada hidden springs lake hazel star victory caldwell eagle emmett hailey mountain home nampa twin falls
idahodigital	Idaho Digital Consortium	USA	public	aberdeen american falls armoral tuttle bear lake paris bellevue boise basin bonneville boundary bruneau buhl camas cambridge cascade challis clark clearwater council valley donnelly elk river filer fremont island park anthony garden glenns ferry gooding grace hansen homedale horseshoe bend jefferson heart kimberly larsen sant lemhi leadore lizard butte lost rivers mackay madison marshall mccall middleton midvale bingham oakley oneida patricia romanko payette pierce portneuf rigby ririe roberts rockland salmon shoshone snake soda springs bannock lava hot stanley sugar salem tetons weiser wendell wilder
idea	IDEA by ICfL	USA	public	idaho commission for
idl	Indiana Digital Library	IN, USA	public	adams akron carnegie alexandria monroe alexandrian anderson andrews dallas argos attica aurora avon washington bartholomew batesville bedford bell benton berne bicknell vigo bloomfield eastern greene boonville warrick boswell grant brazil bremen brook iroquois brookston prairie brown brownsburg brownstown butler cambridge camden jackson steuben centerville charlestown clark churubusco clayton liberty clinton coatesville clay colfax perry converse covington veedersburg crawford crawfordsville crown point culver union daleville danville delphi dublin dunkirk earl park eaton eckhart edinburgh wright hageman elkhart farmland fayette flora floyd johnson francesville salem frankfort franklin fremont fulton garrett gas mill goodland goshen greensburg decatur greentown greenwood hagerstown jefferson hamilton hammond harrison hartford henry henley huntingburg huntington hussey mayfield jasper dubois jay jeffersonville jennings kendallville kentland kewanna kingman millcreek kirklin knightstown knox kokomo howard crosse grange ladoga lawrenceburg lebanon ligonier lincoln heritage linden linton loogootee lowell marion melton middlebury middletown fall creek milford mishawaka penn harris mitchell monon monterey tippecanoe montezuma
idobata-library	Shinkawa Electric Co., Ltd. (Idobata Digital Library)		public
iem	IEM		company
ifad	International Fund for Agricultural Development (IFAD)		company
ifpl	Idaho Falls Public Library	USA	public	iona
ihcnz	IHC New Zealand		company
ikeskeltoncarl	Ike Skelton Combined Arms Research Library (CARL)		company
ilg	InlandShare		public	coeur dalene kellogg liberty lake mullan osburn pend oreille calispel valley ione metalines newport plummer priest silver hills elementary maries wallace junior senior high bonner blanchard river
illinoiscf	Illinois State Correctional Facilities	USA	company
illinoislibrary	University of Illinois	USA	college
ilu	ITOCHU Labor Union	Japan	company
impactce	Impact CE		company
imperial	Imperial College, London	United Kingdom	college
imperialwest	Imperial College Healthcare and Chelsea & Westminster NHS Trusts		company	hospital trust middlesex
indianbible	Indian Bible College		college
indiannavy	Indian Navy		company
indietexas	North Texas Independent Digital Consortium	USA	public	alvarado alvord archer bowie burkburnett chico inc edwards electra forest hill gladys johnson ritchie krum lancaster veterans mary emmett tate newark nocona olney arts pilot point rhome roanoke sanger somervell stephenville thompson sawyer tom burnett
indypl	Indianapolis Public Library		public	beech grove frog brightwood avenue decatur eagle 38th street washington ben franklin road garfield park glendale haughville holy cross lutheran infozone childrens museum irvington lawrence martindale michigan nora pike southport spades warren wayne perry
infineon	Infineon Technologies AG		company
infoblox	Infoblox		company
informationcenter	National Foreign Affairs Training Center (NFATC)	USA	company	institute fsi
infoway	Farmington Public Library		public
inglewoodpl	Inglewood Public Library		public
inlgov	Idaho National Laboratory	USA	company
inll	Institut national des langues Luxembourg (INLL)		company
innsbruck	Stadtbibliothek Innsbruck	Austria	public
intactfc	Intact		company
interchurchcenter	Interchurch Center		company
interlinklibraries	Public Library InterLINK - Restricted to Print Disabled Patrons	Canada	public
iona	Iona University	USA	college
ipas	Ipas		company
ipswichqld	Ipswich Libraries	Australia	public	childrens redbank plains plaza rosewood springfield
irclibrary	Indian River County Library	USA	public	gifford law
iredell	Iredell County Library	NC, USA	public	harmony troutman
irvine	Irvine Public Library		public
irvinglibrary	Irving Public Library	USA	public	valley ranch
isb	International School of Beijing		school
islingtonuk	Islington Libraries		public
itako-public	Itako Public Library	Japan	public
ite	Institute of Technical Education Library	Singapore	college
iteso	ITESO, Universidad Jesuita de Guadalajara		college
iue	Institución Universitaria de Envigado - IUE	Colombia	college
ivanlibrary	Ivan the Terrier, Inc.		company
ivc	Irvine Valley College	USA	college
iyte	Izmir Institute of High Technology	Turkey	college
janestern	The Jane Stern Dorado Community Library		public
jaqtsg	Jing'an District Library (上海市静安区图书馆)		public
jarfalla	Jarfalla Library		public
jasmine	Jasmine Digital Library	USA	public	abbeville agnew calhoun falls allendale hampton jasper estill hardeeville pratt baker berkeley daniel island goose creek hanahan moncks corner stephen sangaree cherokee chester chesterfield fannie lowry matheson mcbee depot pageland colleton dozier munn john tomason fairfield ridgeway florence hemmingway holly hill johnsonville kershaw bethune camden elgin lake laurens clinton mccormick mentor newberry orangeburg saluda santee springfield union williamsburg
javeriana	Pontificia Universidad Javeriana	Colombia	college
jccgv	Isaac Waldman Jewish Public Library	Canada	public
jcjc	Jones County Junior College	USA	college
jclc	Jefferson County Library Cooperative	AL, USA	public	adamsville bessemer birmingham avondale ensley lake eastwood five points inglenook powderly pratt smithfield southside springville road titusville end woodlawn wylam botanical gardens point fultondale gardendale graysville homewood hoover hueytown irondale leeds jane culbreth midfield mountain brook schools oneal pinson pleasant grove sylvan springs tarrant trussville vestavia hills alan summers clay walter hanna fairfield warrior
jclibrary	Jersey City Free Public Library		public	earl morgan five corners glenn cunningham lafayette marion miller pavonia pearsall perfecto oyola biblioteca criolla cultural heights bergen
jcls	Jackson County Library Services		public	applegate ashland butte falls point eagle gold hill jacksonville medford phoenix prospect rogue river ruch shady cove talent white
jctclearningcommons	Jefferson Community and Technical College	USA	college
jeff	Jefferson Parish Library		public	belle terre bank grand isle gretna harahan lafitte lakeshore live oak kenner old metairie rosedale terrytown wagner westwego
jefferson	Jefferson County Public Library		public	arvada belmar columbine conifer edgewater evergreen golden lakewood standley lake wheat ridge
jericholibrary	Jericho Public Library		public
jerseylibrary	States of Jersey		public
jessiehallett	Jessie F. Hallett Memorial Library		public
jf	The Japan Foundation	Japan	company	new york toronto
jfcsholocaustcenter	JFCS Holocaust Center		company
jgrls	Jackson-George Regional Library System		public
jhlib	Wuhan Jianghan District Library		public
jhlibrary	Jackson/Hinds Library System		public	wood annie thompson jeffers beverly brown charles tisdale margaret walker alexander ella bess austin eudora welty evelyn taylor majure fannie lou hamer lois flagg medgar evers blvd quisenberry bolden anna bell moore raymond richard wright willie morris
jibcca	Justice Institute of British Columbia	Canada	college
jjei	Jeju International Education Institute Library	South Korea	public	educational
jocolibrary	Johnson County Library and Olathe Public Library		public	blue valley cedar roe resource corinth soto edgerton gardner leawood pioneer lenexa merriam plaza monticello oak park shawnee spring hill downtown indian creek
johnston	Johnston County Affiliated Libraries		public	james bryan creech kenly mary duncan princeton smithfield selma
jpl	Jacksonville Public Library		public	argyle beaches bradham brooks northwest brentwood brown eastside dallas graham highlands mandarin maxville murray hill pablo creek regency square san marco southeast park webb wesconnett westbrook willowbranch
jplmontreal	Jewish Public Library		public
jscl	Jiangsu Children's Digital Library (江苏省少儿数字图书馆)		public
jsou	Joint Special Operations University		college	ussocom
jwlib	Zhuhai Jinwan District Library		public
kagacitydigitallibrary	Kaga City Library	Japan	public
kamiamakusa-city	Kamiamakusa City Library	Japan	public
kanda-library	Kanda Town Library	Japan	public
kanoya-ebook	Kanoya City Library		public
kansasuni	University of Kansas	USA	college
kariya-city	Kariya City Library	Japan	public
karlsruhe	Stadtbibliothek Karlsruhe	Germany	public
kashiwara-city-library	Kashiwara Public Library		public
katrineholmsbibliotek	Katrineholms Bibliotek	Sweden	public
kawamata-town	Kawamata Town Board of Education Office		public
kawarthalakes	City of Kawartha Lakes Public Library	Canada	public
kbcc	CUNY Kingsborough Community College	USA	college
kcl	King's College London		college
kclibrary	Kansas City Public Library	USA	public	digital irene ruiz lucile bluford valley special collections plaza southeast sugar creek trails waldo westport
kcls	King County Library System		public	algona pacific auburn bellevue black diamond bothell boulevard park burien carnation covington crossroads des moines duvall enumclaw fairwood fall federal way 320th greenbridge issaquah kenmore kent panther lake kingsgate kirkland forest hills maple valley mercer island muckleshoot newcastle newport bend redmond renton highlands richmond beach sammamish shoreline skykomish skyway snoqualmie southcenter view vashon white woodinville woodmont
kdl	Kent District Library		public	ada alpine alto byron caledonia cascade comstock park grand rapids englehardt gaines grandville kelloggsville kentwood richard root krause nelson sand lake plainfield spencer tyrone walker wyoming
keele	Keele University	United Kingdom	college
kemplibrary	East Stroudsburg University of Pennsylvania	USA	college
kennebunklibrary	Kennebunk Free Library		public
kent	Kent County Council	United Kingdom	public	bexley grammar brockhill park performing arts dartford for girls farringtons hartsdown academy king ethelbert catherines catholic skinners tunbridge wells weald
kenton	Kenton County Public Library		public	administration covington erlanger independence latonia
kentuni	University of Kent		college
kern	Kern County Library		public	arvin baker beale boron buttonwillow california delano frazier park holloway gonzales river valley lamont mcfarland mojave northeast rathbun ridgecrest rosamond southwest taft tehachapi wasco wilson
keyassets	Key Assets	Australia	company	australia
keylooplibrary	Keyloop		company	rapid rtc
keyslibraries	Monroe County Public Library		public	big pine key islamorada largo marathon
kfpl	Kingston Frontenac Public Library	Canada	public
kildareie	Kildare County Council Library and Arts Service	Ireland	public
kilkennyie	Kilkenny County Library	Ireland	public
kingabdula	Ithra Library		public	king abdulaziz for world culture
kings	Kings County Library		public	armona avenal corcoran hanford kettleman lemoore stratford
kirin-union	Kirin Union		company
kirklees	Kirklees Libraries	United Kingdom	public	almondbury batley birkby fartown birstall chestnut deighton cleckheaton denby dale dewsbury hub golcar heckmondwike holmfirth honley huddersfield kirkburton kirkheaton lindley marsden meltham mirfield ravensthorpe greenwood rawthorpe dalton shepley skelmanthorpe slaithwaite
kishiwada-city	Kishiwada City Library	Japan	public
klaviyo	Klaviyo		company
kmbs	Konica Minolta Business Solutions USA, Inc.	USA	company	bookshelf minoltas virtual
knowledgenet	Office of the Controller & Auditor-General	New Zealand	company
knox	Knox College		college
knoxcounty	Knox County Public Library		public
koeln	Stadtbibliothek Köln	Germany	public	blindenhorbibliothek minibib chorweiler sprachraum stadtteilbibliothek bocklemund mengenich ehrenfeld haus balchem kalk mulheim neubruck nippes porz rodenkirchen sulz
kokubunji-city-lib	Kokubunji City Library	Japan	public
kplibraries	Kaiser Permanente Libraries		company
kplonline	Kigali Public Library		public
kpu	Kwantlen Polytechnic University	Canada	college	kpu
krgnsw	Ku-ring-gai Library	Australia	public	gordon
krl	Kitsap Regional Library		public	bainbridge island bremerton martin luther king kingston little boston manchester port orchard poulsbo silverdale sylvan way
krsbib	Kristiansand folkebibliotek	Norway	public
kumagayacity	Kumagaya City Library	Japan	public
kumatori-library	Kumatori Town Library	Japan	public
kuna	Kuna District Library		public
kuriyama-town	Kuriyama Town Library		public
kurthmemorial	Kurth Memorial Library		public
kvcc	Kennebec Valley Community College	USA	college
kwbc	Kirby Woods Baptist Church		company
kyunbound	Kentucky Libraries Unbound	USA	public	adair allen anderson bath bell middlesborough pineville boone chapin florence hebron scheben walton boyd catlettsburg summit boyle bracken breathitt breckinridge cloverport irvington bullitt dorothea stottman lebanon junction washington ridgway butler calloway campbell cold spring newport philip carrico thomas carroll carter casey clark clay clinton corbin crittenden cumberland cynthiana harrison daviess edmonson estill fleming floyd garrard george coon glenn martin genealogy goodnight grant graves grayson green greenup flatwoods mckell hancock lewisport hardin radcliff harlan bryan whitfield rebecca caudill hart henderson henry hopkins madisonville hopkinsville christian jackson jessamine john street johnson department for archives knox larue laurel lawrence falk lee leslie letcher blackey harry jenkins lillian webb lewis lincoln livingston logan adairville auburn lyon madison berea location richmond mahan oldham goshen marion marshall mary wood weldon mason mccracken mccreary mclean meade mercer metcalfe montgomery morgan kennedy muhlenberg harbin nelson bloomfield new haven nicholas ohio crestwood lagrange owen paris bourbon paul sawyier pendleton
lacnm	Los Alamos County Library System	USA	public	mesa white rock
lacoelib	Los Angeles County Office of Education	USA	company	lacoe elibrary
lacountylibrary	LA County Library		public	bilbrew acton agua dulce agoura hills alondra norwalk angelo iacoboni lakewood antelope valley anthony quinn artesia avalon baldwin park bell gardens carson castaic charter oak chet holifield montebello terrace claremont clifton brakensiek bellflower compton cudahy culver julian dixon diamond bar martin luther king duarte los angeles rancho dominguez camino real monte florence gardena mayme dear gateway george nye graham hacienda heights hawaiian hawthorne hermosa beach hollydale gate huntington canada flintridge crescenta mirada puente verne lake lancaster lawndale leland weaver lennox littlerock live lloyd taber marina del rey lomita nietos lynwood malibu manhattan masao satow maywood cesar chavez norwood paramount pico rivera quartz hill rosemead rowland san dimas fernando gabriel santa clarita sorensen whittier stevenson ranch sunkist temple topanga urban outreach view walnut covina hollywood westlake willowbrook wiseburn woodcrest
lafayette	Lafayette College	USA	college
lafourche	Lafourche Parish Public Library		public
lakeareatech	Lake Area Technical College	USA	college
lakecounty	Lake County Public Library		public	cedar dyer schererville forty first griffith highland hobart station new chicago munster john
lakeland	Lakeland Digital Library		public	allendale alvah belding carson cedar springs clarksville coopersville croton crystal dorr fennville flat river freeport fruitport gary byker hudsonville georgetown grant hackley henika hesperia home hopkins howard miller ionia lake odessa leighton muskegon dalton egelston holton laketon montague heights walker norton shores ravenna newaygo patmos salem saranac saugatuck douglas sparta tamarack thornapple kellogg timothy hauenstein reynolds white cloud
lakemac	Lake Macquarie City Library	Australia	public
lakesidebc	Lakeside Baptist Church		company
laketrust	Lake Trust		company
laleche	La Leche League Canada		company
lamb	New Castle District Library Center		public	apollo butler shenango valley cranberry ellwood evans campbell ford freeport association greenville grove kittanning lakeview leechburg mars mercer trails prospect slippery rock stey nevant worthington franklin zelienople
lambethuk	Lambeth Libraries	United Kingdom	public	brixton carnegie clapham durning archives minet streatham tate upper norwood waterloo
lametro	Los Angeles County Metropolitan Transportation Authority		company
lamp	Luso-Africa Mission Partners International		company	lamp
lancashireuk	Lancashire County Library and Information Service	United Kingdom	public	accrington adlington ansdell bacup bamber bridge barnoldswick barrowford bolton sands brierfield burnley burscough carnforth chorley clayton green cleveleys clitheroe coal clough colne coppull earby eccleston euxton fleetwood freckleton fulwood garstang great harwood halton haslingden heysham ingol kingsfold kirkham knott end council lancaster langwyth road leyland longridge longton lostock hall lytham assembly rooms mellor morecambe nelson ormskirk oswaldtwistle padiham parbold poulton preston harris rawtenstall ribbleton rishton savick sharoe silverdale skelmersdale annes tarleton thornton whalley whitworth
lancasterlibraries	Library System of Lancaster County	PA, USA	public	adamstown columbia boro donegal eastern elizabethtown ephrata intercourse gap mountville lititz manheim milanof schock moores quarryville shuts environmental strasburg heisler
lancasteruniversity	Lancaster University		college
landartamerica	Landart America		company
landerco	Lander County Public Library		public
landesbibliothek	Oberösterreichische Landesbibliothek Linz		public
landmarkedu	Landmark College		college
lanemed	Lane Medical Library	USA	college
laoiscountyie	Laois County Library	Ireland	public
lapiercecollege	Los Angeles Pierce College	USA	college
lapl	Los Angeles Public Library		public	alma reaves woods watts mesa arroyo seco ascot atwater baldwin hills benjamin franklin cahuenga canoga park chatsworth chinatown cypress donald bruce kaufman brentwood eagle rock echo edendale sereno encino tarzana exposition mary mcleod bethune fairfax felipe neve frances howard goldwyn hollywood granada harbor gateway hyde miriam matthews jefferson john fremont muir junipero serra lake view terrace lincoln heights little tokyo feliz malabar mar vista mark twain mid valley amelia earhart northridge pacoima palisades palms rancho panorama pico union pio koreatown platt playa porter ranch robert louis stevenson robertson ronald mcnair elementary san pedro sherman oaks martin pollard silver studio sun sunland tujunga sylmar plaza van nuys venice abbott kinney vermont square vernon leon washington irving westchester loyola westwood will ariel durant wilmington wilshire woodland
laportelibrary	La Porte County Public Library		public	coolspring fish lake hanna kingsford heights rolling prairie union mills
lareleve	larelève		company
larepublica	Diario de La República S.A.S		company
larimerjail	Larimer County Jail		company
larkin	Larkin University		college
larl	Lake Agassiz Regional Library		public	ada bagley barnesville breckenridge climax cormorant link crookston detroit lakes fertile fosston frazee gonvick halstad hawley hendrum park mahnomen mcintosh moorhead rothsay twin valley ulen
lasalle	Lasalle Parish Library	LA, USA	public
lascruces	Las Cruces Public Libraries		public	munson sage cafe thomas branigan mem
lasvegas	Las Vegas-Clark County Library District		public	alexander aliante blue diamond boulder bunkerville centennial hills enterprise goodsprings indian springs laughlin meadows mesquite moapa valley charleston rainbow sahara sandy searchlight spring summerlin sunrise whitney windmill
latrobevic	Latrobe City Library	Australia	public	churchill moe morwell traralgon
laurelridge	Laurel Ridge Community College		college
lavc	Los Angeles Valley College		college
lavergnelibrary	La Vergne Public Library	USA	public
lawrencepl	Lawrence Public Library	KS, USA	public
lawsonstate	Lawson State Community College-Birmingham		college
lbbl-nsu	Norfolk State University	USA	college
lbpl	Long Beach Public Library	USA	public	alamitos neighborhood bay shore billie jean king bret harte brewitt burnett dana dorado los altos mark twain ruth bach
lbrut	London Borough of Richmond upon Thames	United Kingdom	public	castelnau sheen ham hampton hill wick kew local studies teddington twickenham whitton
lbs	London Business School		college
lccpl	Logansport-Cass County Public Library	IN, USA	public	galveston
lcdl	Ministry of Culture - Libraries Commission	Saudi Arabia	public
lclibs	Lebanon County Libraries		public	annville matthews myerstown palmyra richland
lcls	Lee County Library System		public	bonita springs cape coral captiva dunbar jupiter hammon myers johann fust lakes talking books northwest pine island riverdale
lcpl	Loudoun County Public Library	USA	public	ashburn brambleton cascades gum spring lovettsville middleburg purcellville rust sterling
lcs	Florida League of Christian Schools	USA	college
lcu	Lifestyle Christian University		college	christianity
lcwg	Welsh Government		company
ldc	Libby Discovery Collection		public
leadingre	Institute by LeadingRE		company	leading
learninglinkathpl	LEARNINGLink by Houston Public Library		public
leechlaketribalcollege	Leech Lake Tribal College	USA	college
leedslibraryuk	Leeds Libraries		public
leeward	Leeward Community College	USA	college
lehigh	Lehigh University	USA	college
leicester	University of Leicester	United Kingdom	college
leicestershire	Leicestershire Library Services		public	anstey ashby zouch barrow upon soar birstall blaby bottesford broughton astley burbage castle donington coalville cosby countesthorpe desford earl shilton goscote enderby fleckney glenfield glenhills great glen groby hathern hinckley ibstock kegworth kibworth kirby muxloe leicester forest loughborough lutterworth market bosworth harborough markfield measham melton mowbray mountsorrel narborough newbold verdon oadby quorn ratby rothley sapcote shepshed sileby wigston stoney stanton syston thurmaston magna
leicesteruk	Leicester Libraries	United Kingdom	public	aylestone beaumont leys belgrave braunstone brite evington fosse hamilton learning highfields knighton new parks rushey mead southfields barnabas matthews thurnby lodge youth westcotes
leitrimcountyie	Leitrim County Library	Ireland	public
lerum	Lerums Bibliotek	Sweden	public
leselounge	Leselounge		public
levine-sklutjudaiclibrary	Center For Jewish Education / Levine Sklut Judaic Library		company
lex	Lexington County Public Library System	SC, USA	public	batesburg leesville cayce columbia chapin gaston gilbert summit irmo pelion congaree pine ridge swansea
lexpublib	Lexington Public Library		public	beaumont eastside marksbury family northside tates creek
lfpl	Louisville Free Public Library		public	bon air crescent hill fairdale highlands shelby park iroquois jeffersontown middletown newburg northeast portland shawnee shively southwest matthews western
lib-mugicom	Nisshin Seifun Labor Union		company
lib2go	ArkansasLibrary2Go	USA	public	alma arkansas river valley atkins centennial baxter gassville bella vista bentonville boone boyd mollie gattis logan carroll madison berryville eureka springs carnegie green forest huntsville kingston paul cedarville charleston crawford dallas street dardanelle dover fayetteville smith franklin gentry gravette hector johnson marion miller mountainburg newton pope ralph graf mulberry rogers scott sebastian hartford lavaca mansfield siloam springdale van buren washington elkins farmington lincoln prairie grove fork winslow windsor yell
libalasu	Alabama State University	USA	college
libertyuniversity	Liberty University	USA	college	jerry falwell
librariesniuk	Libraries NI	United Kingdom	public	antrim ardoyne armagh irish local studies ballycastle ballyclare ballyhackamore ballymena ballymoney ballynahinch banbridge bangor carnegie belfast bessbrook broughshane brownlow carnlough carrickfergus carryduff castlederg castlewellan chichester cloughfern coalisland coleraine colin glen comber cookstown cregagh creggan crossmaglen crumlin cushendall derry donaghadee downpatrick draperstown dromore dundonald dungannon dungiven enniskillen falls road finaghy fintona fivemiletown garvagh glengormley greenisland greystone grove holywood arches irvinestown keady kells connor kilkeel killyleagh kilrea larne limavady lisburn lisnaskea lurgan maghera magherafelt mellon for migration moira newcastle newry newtownards newtownbreda newtownstewart omagh ormeau portadown portaferry portglenone portrush portstewart randalstown rathcoole rathfriland richhill saintfield shankill shantallow strabane strathfoyle suffolk tandragee tullycarnet warrenpoint waterside whitehead whiterock woodstock
librariestasmania	Libraries Tasmania	Australia	public	beaconsfield bicheno bothwell bridgewater bridport burnie campbell cape barren currie cygnet deloraine devonport exeter geeveston george glenorchy hobart huonville kingston latrobe launceston lilydale longford new norfolk oatlands orford penguin queenstown ravenswood ringarooma rosebery rosny scottsdale sheffield smithton sorell helens marys strahan swansea tasman ulverstone westbury whitemark wynyard zeehan
library-azusasekkei	Azusa Sekkei Co., Ltd		company
library-kiyose	Kiyose City Library	Japan	public
library-maebashi	Maebashi City Library	Japan	public
library2go	Oregon Digital Library Consortium	OR, USA	public	adams agness albany alsea arlington astoria athena baker haines halfway huntington richland sumpter brownsville giles hunt cannon beach ccrls amity chemeketa ctgr dallas dayton hall independence lyons mcminnville monmouth angel newberg salem first grade obs read sheridan silver falls stayton willamina woodburn cooperative chetco chinook network driftwood lincoln newport siletz tillamook toledo waldport clatskanie coastal resource sharing cook grande coos bandon bay coquille dora lakeside myrtle bend powers corvallis crook curry dufur eastern echo elgin enterprise eugene bethel sheldon fossil gilliam gorge link hood river dalles wasco grant harney harrisburg helix hermiston cascade locks parkdale ione irrigon jefferson joseph josephine grants pass illinois valley williams wolf creek klamath bly bonanza chemult chiloquin gilchrist keno malin merrill sprague lake christmas paisley lane cottage grove creswell fern ridge junction oakridge langlois lebanon leo clackamas canby estacada gladstone happy hoodland oswego milwaukie molalla oak lodge sandy linn wilsonville lower umpqua maggie osgood mary
librarybrunei	Perpustakaan Dewan Bahasa dan Pustaka Brunei		public
librarycamden	Camden Public Library		public
libraryconnection	Library Connection, Inc.	USA	public	avon berlin peck bill bloomfield bristol burlington canton cheshire cragin cromwell belden granby hartford enfield farmington goshen groton hartland harwinton association warehouse point lucy robbins welles manchester mansfield meriden mystic noank new britain fairfield plainville portland prospect raymond richmond rocky hill russell simsbury windsor southington torrington trumbull waterford watertown turner wethersfield wickham wilton locks
libraryglion	Glion Institute of Higher Education	USA	college
librarynetwork	World Bank International Monetary Fund Library Network		public	group
librarypoint	Central Rappahannock Regional Library		public	cooper england run fredericksburg montross newton porter salem church snow
libraryutazu	Library Utazu		public
libraryweb	Monroe County Library System		public	arnett brighton rochester charlotte chili fairport gates greece hamlin henrietta highland irondequoit lincoln toy resource lyell maplewood mendon newman riga ogden farmers parma penfield phillis wheatley pittsford rush scottsville mumford seymour sully webster winton
libriid	LIBRI System, Inc.	ID, USA	public	burley demary jerome sytem
lic	LIC (Livestock Improvement Company)		company
limerickie	Limerick City & County Library	Ireland	public
lincoln	Lincoln City Libraries		public	bennett martin bess dodson walt bethany charles gere dan williams holmes elementary loren corey eiseley victor anderson
lincolnshirelibraries	Lincolnshire Libraries	United Kingdom	public	boston bourne cap gainsborough grantham horncastle lincoln long sutton louth mablethorpe access point market rasen skegness sleaford spalding stamford woodhall spa
lincsinspireuk	Lincs Inspire Libraries		public	cleethorpes grimsby immingham lincolnshire waltham
lion	LION: Libraries Online	USA	public	brainerd clark durham haddam hampton lyme essex association guilford hamden brundage miller whitneyville ivoryton james blackstone ledyard bill gales ferry levi coe madison scranton mitchell brandford atwater branford edward smith haven old phoebe griffin noyes saybrook acton orange case otis preston new london rathbun wallingford ora mason westbrook wheeler willoughby wallace woodbridge
listeneasternwv	Listen Eastern West Virginia	USA	public	allegheny mountain top bolivar harpers ferry burlington capon bridge ashby grant hampshire hardy hedgesville keyser mineral martinsburg morgan musselman berkeley paw pendleton piedmont shepherdstown jefferson
listening-books	Listening Books	United Kingdom	public
lit	LIT Library	Philippines	public	digital
livebrary	Livebrary.com	NY, USA	public	amagansett amityville babylon bay shore brightwaters bayport blue point brentwood brookhaven moriches islip cold spring harbor commack comsewogue connetquot copiague cutchogue new suffolk deer park hampton elwood emma clark fishers island association floyd half hollow hills bays bridgehampton harborfields hauppauge huntington john jermain lindenhurst longwood mastics shirley mattituck laurel middle country montauk northport patchogue medford port jefferson quogue riverhead rogers sachem sayville shelter smithtown southold westhampton wyandanch
liveoakga	Live Oak Public Libraries		public	port southwest chatham tybee law broad
livermore	Livermore Public Library	USA	public	civic rincon springtown
liverpool	Liverpool Libraries and Information Service	United Kingdom	public	hildas high john bosco arts
livingstla	Livingston Parish Library		public
livuni	University of Liverpool	United Kingdom	college
lltc	Little Libraries That Could	AZ, USA	public	chin indian ava ich asiit tribal clifton desert foothills fernando escalante duncan mcdowell yavapai nation ira hayes patagonia venito garcia wickenburg
logan	Logan Libraries	Australia	public	beenleigh greenbank jimboomba hyperdome marsden
loguelibrary	Chestnut Hill College	USA	college
lomc	Marine Corps University	USA	company
londonlibrary	The London Library	United Kingdom	company
lonestardigitalibrary	Lone Star Digital Library	TX, USA	public	alexander bandera boerne patrick heath butt holdsworth kerr history camp wood castroville garden ridge comfort converse dilley driscoll eagle pass childrens progreso falls gilmer harper hondo kenedy kinney lakehills leon valley mammen family medina new braunfels pearsall pioneer pleasanton real leakey runge schertz seguin universal wilson
longfordcounty	Longford County Library	Ireland	public
longleaf	Longleaf Library Consortium	MS, USA	public	lincoln lawrence franklin new hebron pike amite walthall alpha crosby gloster liberty magnolia osyka progress mississippi frank leggett prentiss
longwood	Longwood University	USA	college
losmedanosedu	Los Medanos College		college
losriosccd	Los Rios Community College District	USA	college	american river cosumnes folsom lake sacramento
loughborough	Loughborough University		college
louthcounty	Louth County Library	Ireland	public
loyola	Loyola University of Chicago	USA	college
lpbp	Library of Parliament	Canada	company	bibliotheque parlement
lpclibrary	Las Positas College	USA	college
lpl	London Public Library	Canada	public	beacock bostwick byron carson cherryhill crouch glanworth jalna lambeth landon masonville pond mills sherwood stoney creek
lplelibrary	Laredo Public Library		public	barbara fasken bruni plaza lamar vergara inner sophie christen mckendrick francisco ochoa fernando sal
lruffin-smith	Cleveland Clinic Lou Ruvo Center for Brain Health		company
lsbu	London South Bank University		college
lsuhs	Louisiana State University Health Shreveport	USA	college	lsu
lsw	Libraries Southwest Consortium	LA, USA	public	allen headquarters kinder oakdale beauregard fields merryville calcasieu carnegie dequincy epps express hayes iowa outreach moss bluff louisiana genealogical historical starks sulphur vinton westlake cameron grand chenier lake hackberry johnson bayou lowry evangeline basile chataignier leslie prescott mamou turkey creek ville platte jefferson davis elton arthur mcburney landry vernon
lti	Literature Translation Institute of Korea (LTI Korea)	South Korea	public
lubbock	Lubbock Public Library	TX, USA	public	godeke groves mahon patterson
lumlibrary	Appraisal Institute		company	louis lee lum
lunacc	Luna Community College		college
luts	Tartu Oskar Lutsu nimeline Linnaraamatukogu		public
lvc	Lebanon Valley College	USA	college
lwsblibrary	LWSB Library		company
machida-library	Machida City Library	Japan	public
mackayqld	Mackay Libraries	Australia	public
macu	Mid-America Christian University	USA	college
maderacommunitycollege	Madera Community College		college
maderalibrary	Madera County Library		public	chowchilla ranchos fork oakhurst
magneto	Magneto Empleos		company	talenta
mahwahlibrary	Mahwah Public Library		public
mainehealthlrc	MaineHealth		company
mainestate	Maine State Law Library		company	mainestate
mainlib	Main Library Alliance		public	berkeley heights bernards bernardsville boonton holmes butler chatham chester denville dover hanover fairfield florham park hackettstown hunterdon jefferson kemmerer harding kinnelon lincoln long hill madison mendham montville morris plains morristown arlington olive mountain lakes mountainside new providence parsippany pequannock randolph raritan riverdale rockaway roxbury sparta summit warren catherine dickson hofman northeast richard gardner southwest washington wharton whippanong
maltalibraries	Malta Libraries		public
manassasva	Manassas Park City Library		public
manchestergb	Manchester Public Library		public
mankatocity	City of Mankato		company
mannheim	Stadtbibliothek Mannheim		public
manno	Manno Town Library	Japan	public
mapuaulibrary	Mapua University	Philippines	college
maribyrnong	Maribyrnong Library Services	Australia	public
marineinstitute	Marine Institute		company
marinesociety	Marine Society		company
marinet	MARINet	CA, USA	public	belvedere tiburon larkspur marin bolinas civic corte madera inverness novato point reyes stinson beach mill valley san anselmo rafael downtown northgate pickleweed sausalito
marinsheriff	Marin County Sheriff's Office	USA	company
markham	Markham Public Library	Canada	public	aaniin angus glen cornell milliken mills thornhill unionville
marmot	Marmot Library Network	CO, USA	public	adams state basalt bemis bud werner buena vista clearview colorado christian mesa mountain delta eagle valley avon gypsum englewood garfield carbondale glenwood springs new castle parachute rifle silt grand gunnison lake montrose naturita paradox pine river pitkin plateau salida steamboat summit vail custer western wilkinson
marshallcenter	Marshall Center Research Library		college
martin	Martin County Public Library	FL, USA	public	blake elisabeth lahti hobe sound hoke law peter julie cummings robert morgade
martinluther	Martin Luther College	USA	college
marubeni-employees-union	Marubeni Employees' Union		company
maryandrewsau	Mary Andrews College	Australia	college
maryland	Maryland's Digital Library	USA	public	allegany frostburg georges creek lavale cumberland westernport anne arundel broadneck brooklyn park busch annapolis crofton deale discoveries mall eastport neck edgewater glen burnie linthicum maryland mountain road odenton riviera beach severn severna calvert fairview southern twin beaches caroline carroll eldersburg finksburg airy taneytown westminster cecil cecilton chesapeake perryville port deposit rising sun charles brown potomac waldorf dorchester enoch pratt canton cherry hill clifton edmondson avenue forest govens hamilton brnach hampden herring run light street northwood orleans patterson pennsylvania reistertown roland southeast anchor walbrook washington waverly frederick brunswick burr artz emmitsburg middletown point rocks thurmont urbana walkersville harford aberdeen abingdon bel air darlington edgewood fallston havre grace jarrettsville joppa norrisville whiteford howard columbia elkridge glenwood miller savage kent galena rock hall queen annes ruth enlow garrett accident friendsville grantsville kitzmiller somerset marys charlotte lexington state resource talbot boonsboro hancock war keedysville leonard snyder sharpsburg smithsburg williamsport wicomico worcester
marylanddcdl	Maryland Deaf Culture Digital Library	USA	public
mascomabank	Mascoma Bank		company
massbay	MassBay Community College		college
matrade	MATRADE Business Information Centre		company
matsuecity	Matsue City Library	Japan	public
mayocountyie	Mayo County Library	Ireland	public
mbrl	Mohammed Bin Rashid Al Maktoum Library	United Arab Emirates	public
mbsa	MBSA Majlis Bandaraya Shah Alam		company
mbsc	Prince Mohammed Bin Salman College	Saudi Arabia	college
mbts	Midwestern Baptist Theological Seminary	USA	college
mcallen	McAllen Public Library		public	lark palm view
mccfebooks	Montgomery County Correctional Facility		company
mcdermott	University of Texas at Dallas	USA	college
mcgill	McGill Libraries	Canada	college
mchfamilylibrary	Family Resource Center and Library	Canada	company	montreal childrens hospital mcgill
mclennancc	McLennan Community College		college
mclibraries	Mayo Clinic Library	USA	company
mcls	Madison County Library System		public	elsie jurgens ridgeland flora canton paul griffin camden rebecca baine rigby
mcoelibrary	MCoE Donovan Research Library		college
mcpatientlib	Mayo Clinic Patient Library		company
mcpl	Mid-Continent Public Library		public	antioch blue ridge springs buckner camden point claycomo colbern road dearborn independence lees summit edgerton excelsior farview neighborhood grain valley grandview green hills kearney lone jack midwest genealogy oak grove parkville platte raytown red bridge riverside smithville weston withers woodneath
mcplmd	Montgomery County Public Libraries	USA	public	aspen hill brigadier general charles mcgee silver spring chevy chase connie morella bethesda damascus davis gaithersburg germantown kensington little falls long maggie nightingale poolesville marilyn praisner burtonsville noyes for young children olney potomac quince orchard rockville twinbrook wheaton white oak
mctc	Minneapolis Community and Technical College	USA	college
mdanderson	The University of Texas MD Anderson Cancer Center	USA	company
mdc	Miami Dade College	USA	college	entrepreneurial education hialeah homestead kendal medical padron wolfson
mdpls	Miami-Dade Public Library System		public	allapattah california club civic coconut grove concord coral gables reef country walk culmer overtown doral edison fairlawn golden glades hialeah gardens hispanic homestead international mall kendale lakes kendall key biscayne meadow lemon little river beach springs model naranja shore northeast opa locka palm palmetto bay pinecrest shenandoah sunny isles sunset tamiami virrick park flagler
meagovin	Ministry of External Affairs		company
meathcountyie	Meath County Library	Ireland	public
mediaondemand	Media On Demand	IL, USA	public	acorn bedford park beecher bellwood berkeley berwyn blue island bridgeview broadview chicago heights clarendon hills crestwood dolton eisenhower elmwood evergreen forest frankfort glenwood lynwood grande prairie green harvey hillside hodgkins homewood justice grange lansing lyons markham matteson maywood melrose midlothian riverside northlake oak lawn dole maze palos richton river grove riverdale schiller holland steger stickney view thomas ford tinley westmont woodridge worth
mediathek-lahr	Mediathek Lahr		public
medienzentrum	Medienzentrum Ostbelgien	Belgium	public
mediothek	Mediothek Krefeld	Germany	public
medway	Medway Council	United Kingdom	public	chatham cuxton gillingham grain hempstead hoo lordswood luton rainham rochester hub strood twydall walderslade hook meadow wigmore
melbourneathenaeum	The Melbourne Athenaeum Library	Australia	company
melbourneclub	Cycnus Library		company
melbournelib	City of Melbourne Libraries	Australia	public	kathleen syme dock southbank
mellansjo	Bibliotek Mellansjö	Sweden	public
melsa	MELSA: Twin Cities Metro eLibrary	MN, USA	public	anoka carver dakota hennepin arvonne fraser augsburg park brookdale brooklyn champlin lake eden prairie edina excelsior franklin golden valley hopkins hosmer linden hills long maple grove plain minneapolis minnetonka nokomis northeast osseo oxboro penn pierre bottineau plymouth ridgedale rockford road rogers roosevelt southdale anthony bonifacius louis sumner walker washburn wayzata webber westonka metropolitan agency ramsey maplewood mounds view new brighton paul roseville shoreview white bear arlington daytons bluff george latimer hamline midway hayden heights highland merriam rice street riverview rondo sun ray 7th scott washington hugo lockers newport bayport hardwood creek elmo law marine oakdale stafford stillwater wildwood
meltonvic	Melton Library & Learning Hub	Australia	public
memphis	Memphis Public Libraries		public	cherokee cordova cornelia crenshaw cossitt highland shelby frayser gaston park hollywood officer geoffrey redd parkway raleigh randolph whitehaven
memurotown	Memuro Library		public
mendocinoedu	Mendocino College		college
mercantile	The Mercantile Library		public
mercedcountylibrary	Merced County Library	CA, USA	public	atwater delhi educational park dos palos gustine irwin hilmar grand livingston los banos santa nella snelling winton
mercerebooks	Mercer School		college	theology
meridian	Meridian Library District		public	silverstone
meridiancc	Meridian Community College	USA	college
merthyruk	Merthyr Libraries		public
mesalands	Mesalands Community College	USA	college
metrolibrary	Metropolitan Library System		public	almonte belle isle bethany capitol hill choctaw del edmond elizabeth threatt luther harrah jones midwest nicoma park patience latting northwest ralph ellison ronald norick downtown southern oaks stockyards warr acres
metronet	Metro Net Library Consortium		public	baldwin bloomfield canton farmington rochester hills southfield john grace westacres
mfo	Multinational Force and Observers		public
mgccc	Mississippi Gulf Coast Community College	USA	college
mhalibrary	Mental Health and Addictions Library	Canada	company
mherc	Mental Health Education Resource Centre	Canada	company
mhls	Mid-Hudson Library System	NY, USA	public	adriance alice curtis desmond hamilton fish garrison amenia beekman blodgett fishkill boardman road brewster cairo canaan chatham catskill claverack clinton evarts athens dover plains elting new paltz germantown greenville grinnell wappingers falls heermance coxsackie highland clintondale howland beacon association hunter hurley hyde park julia butterfield cold spring kent kinderhook kingston lagrange livingston mahopac marlboro millbrook morton pine hill house rhinecliff mountain top haines tannersville lebanon northeast millerton olive shokan palenville patterson pawling philmont phoenicia plattekill pleasant valley putnam red hook reed carmel roeliff jansen hillsdale copake ancram rosendale sadie peterson delaney african roots sarah hull hallock milton saugerties staatsburg stanford stanfordville starr rhinebeck stone ridge tivoli esopus ulster valatie windham woodstock
mi	Musicians Institute of Contemporary Music Los Angeles	USA	college
midcoastnsw	MidCoast Libraries	Australia	public	bulahdelah forster gloucester hallidays point harrington nabiac old bar stroud taree tea gardens wingham
midcolumbialibraries	Mid-Columbia Libraries		public	basin benton connell kahlotus keewaydin park kennewick othello pasco prosser richland
middlebury	Middlebury College	USA	college	davis family
middleburypubliclibrary	Middlebury Public Library		public
middlenorth	Middle North Island		public	williams kawerau otorohanga rotorua waikato waitomo whakatane
midfirst	MidFirst Bank Library		company
midland-mi	Grace A. Dow Memorial Library		public
midnorthcoast	Mid North Coast Library Service	Australia	public	hat head kempsey shire laurieton port macquarie hastings rocks stuarts point wauchope
midvaal	Midvaal Local Municipality	South Africa	public	deur
midyork	Mid-York Library System		public	barneveld boonville erwin institute bridgeport sullivan bridgewater camden canastota cazenovia chittenango clayville association clinton kirkland deansboro waterville deruyter dolgeville manheim earlville frankfort hamilton herkimer frank basloe fulton otsego boces holland patent ilion jordanville little falls middleville mohawk weller morrisville munnsville fryer reading new hartford woodstock mills newport old forge oneida madison oriskany clark poland prospect remsen didymus thomas rome jervis salisbury kirby sherrill kenwood utica vernon high winfield westernville western westmoreland whitesboro dunham woodgate
miis	Middlebury Institute of International Studies	USA	college
milibrary	Mechanics' Institute Library		company
milton	Milton Public Library	Canada	public
miltonkeynesuk	Milton Keynes Libraries		public	bletchley kingston newport pagnell olney stony stratford westcroft woburn sands wolverton
ministryed	Ministry of Education		company
minocity	Mino City Library	Japan	public
minuteman	Minuteman Library Network	USA	public	acton ashland bacon bedford belmont boudreau brookline cambridge cary square collins auburn concord coolidge corner dean dedham dover edith fox endicott fowler framingham state franklin schools goodnow holliston lasell lincoln maynard mcauliffe medfield medford medway millis morrill morse institute needham libary newton oconnell olin oneill putterham randall regis robbins sherborn somerville valente field waltham watertown wayland wellesley fells hills weston westwood islington winchester private woburn
miracosta	MiraCosta College	USA	college	oceanside
misericordia	Misericordia University	USA	college
miss	Minorities in Shark Sciences		company
mississauga	Mississauga Library	Canada	public	burnhamthorpe churchill meadows clarkson cooksville courtneypark erin frank mckechnie hazel mccallion lakeview lorne park malton meadowvale elibrary download valley port credit sheridan common streetsville woodlands
mit	Massachusetts Institute of Technology	USA	college	mit
miyakonojo	Miyakonojo City Library		public
miyoshi-city	Miyoshi City Library	Japan	public
mlc	Midwest Collaborative for Library Services	USA	public	albion ann arbor downtown malletts creek pittsfield traverwood brandon capital aurelius dansville lansing foster haslett holt delhi leslie mason okemos stockbridge webberville williamston chesterfield dearborn bryant esper henry ford centennial fremont grand ledge grosse pointe carolyn ted ewald woods hastings herrick howell carnegie kalamazoo alma powell eastwood oshtemo washington square loutit orion plymouth portage spring lake sterling heights troy warren arthur miller civic dorothy busch maybelle burnette willard
mlcstl	Municipal Library Consortium of St. Louis County	MO, USA	public	brentwood ferguson kirkwood maplewood richmond heights rock hill valley park webster groves
mln	Metro Library Network		public	cedar rapids hiawatha ladd marion
mlpebooks	Mississippi eBook Library Partnership	USA	public	columbus lowndes artesia caledonia crawford covington bay springs enterprise mary weems parker pachuta elizabeth jones greenwood leflore kemper newton lamar meridian lauderdale neshoba northeast starkville oktibbeha maben sturgis yazoo association
mmlc	Mideastern Michigan Library Cooperative	USA	public	almont chippewa river coleman bancroft byron corunna lennon morrice new lothrop perry dryden durand goodland harrison laingsburg lapeer clifford columbiaville elba hadley marguerite deangeli metamora otter lake pere marquette saginaw ruth hughes attica tribal shiawassee vernon
mmpl	Moore Memorial Public Library	USA	public
mnstate	Minnesota State University, Moorhead	USA	college
mobius	MOBIUS Consortium	USA	college	still missouri barnes jewish goldfarb nursing buena vista methodist conception abbey seminary cottey crowder des moines osteopathic medical divine word drake harris stowe state jefferson kenrick glennon lindenwood logan maryville metropolitan blue river business technology longview maple woods penn valley southern science moberly northwest northwestern ozark christian ozarks technical park louis simpson southwest baptist charles fair stephens three rivers truman washington westminster william jewell
moegeb	Gifted Education Branch, Ministry of Education, Singapore		company
moers	Bibliothek Moers	Germany	public
mohave	Mohave County Library District	USA	public	bullhead chloride dolan springs golden shores topock valley kingman lake havasu meadview valle vista
molib2go	Missouri Libraries 2Go	USA	public	adair adrian advance albany carnegie barry lawrence aurora cassville eagle rock marionville miller vernon pierce purdy shell knob monett barton happy mary curless hylton bethany bonne terre boonslick cole camp sedalia warsaw bowling green brookfield butler caldwell camden climax springs macks creek osage beach stoutland sunrise cameron canton cape girardeau carrollton carter ellsinore grandin carthage caruthersville cass cedar stockton centralia christian crawford crystal dade dallas daviess jamesport soto desloge doniphan ripley naylor douglas dulany dunklin campbell cardwell clarkton holcomb hornersville malden senath farmington festus gentry grundy jewett norris hamilton hannibal heartland belle eldon iberia vienna henry lenora blackmore hickory howard james jefferson arnold northwest windsor joplin joseph palmer family keller keytesville kimberling lebanon laclede lewis glasgow ozarks little dixie livingston louisiana macon marceline marion subdistrict marshall maryville mcdonald mercer mexico audrain farber martinsburg vandalia french mississippi mitchell river moniteau monroe montgomery morgan mound mountain view neosho newton seneca nevada new
monaghanie	Monaghan County Libraries	Ireland	public
monetaryau	Monetary Authority of Singapore	Singapore	company
monlibvic	Monash Public Library Service	Australia	public
monmouth	Monmouth County Library		public	allentown atlantic highlands brielle colts neck eastern eatontown fair haven hazlet holmdel howell keansburg little silver manasquan marlboro beach neptune ocean oceanport rumson sea bright tinton falls union wall long
monmouthshire	Monmouthshire Libraries		public	abergavenny hub caldicot chepstow gilwern monmouth usk
monroecarell	Monroe Carell Jr. Children’s Hospital at Vanderbilt		company	carrell family resource
monroeenergy	Monroe Energy		company
montana	MontanaLibrary2Go	MT, USA	public	aaniiih nakoda alberton belgrade bicentennial colstrip big horn billings bitterroot blaine boulder bozeman bridger broadwater butte silver bow russell high carnegie chief dull knife choteau teton chouteau sandy geraldine conrad culbertson daniels darby dillon drummond dutton ekalaka fairfield fallon flathead kalispell marion bigfork columbia falls peck tribal froid garfield george mccone glacier cut bank glasgow glendive great montana state harlem harlowton havre hill hearst helena henry malley joliet judith basin hobson laurel lewis clark lewistown lincoln eureka libby troy livingston park madison valley manhattan meagher medicine spring miles mineral regis missoula frenchtown seeley lake swan northern tech jefferson toole petroleum philipsburg phillips plains prairie preston hot springs red lodge ronan roosevelt rosebud roundup salish kootenai darcy mcnickle sheridan sidney richland ignatius stillwater stone child thompson hickman three forks twin bridges western providence valier wedsworth yellowstone whitefish whitehall wibaux william kohrs
montcolibs	Montgomery County Library District Consortium		public	abington ambler ardmore bala cynwyd belmont hills cheltenham conshohocken elkins park springfield gladwyne glenside horsham huntingdon valley indian jenkintown mott lansdale lower merion providence ludington information norristown narberth wales penn wynne perkiomen pottstown roslyn royersford union company hatboro upper dublin moreland william jeanes nicholas athena karabots for learning wissahickon
montevallo	University of Montevallo	USA	college
montrealwest	Montreal West Public Library	Canada	public
mooneevalley	Moonee Valley Libraries	Australia	public	ascot vale avondale heights learning flemington niddrie sam merrifield ponds
moore	Moore College Library		college
moretonbay	Moreton Bay Libraries	Australia	public	albany creek arana hills bribie island burpengary caboolture deception lakes redcliffe strathpine woodford
morgancitylibrary	Morgan City Public Library		public
mornpen	Mornington Peninsula Libraries	Australia	public	rosebud
morrin	Morrin Centre Library		public
mottlibrary	Mott Community College	USA	college
mountstmarys	Mount Saint Mary's University		college
mpcc	Mid-Plains Community College		college	mccook platte
mpkdigital	Moorpark City Library		public
mpl	Macao Public Library		public
mrl	Massanutten Regional Library		public	elkton grottoes river page shenandoah
mrspl	Mary Riley Styles Public Library	USA	public
msjcedu	Mt. San Jacinto Community College District		college
msl	Microsoft Library		public
mslsau	Mitchell Shire Library Service		public	broadford customer kilmore seymour wallan
msmc	Mount Saint Mary College	USA	college
msmnyc	Manhattan School of Music	USA	college
mtareads	Massachusetts Teachers Association	USA	company
mtstateagency	Montana State Agency Libraries	USA	company	department transportation
mtsu	Middle Tennessee State University	USA	college
muenchen	Münchner Stadtbibliothek	Germany	public	allach untermenzing berg laim bogenhausen furstenried giesing hadern hasenbergl isarvorstadt maxvorstadt milbertshofen moosach neuaubing neuhausen neuperlach pasing ramersdorf schwabing sendling waldtrudering westend
muensterland	Münsterland	Germany	public	stadtbibliothek ahaus bocholt emsdetten greven rheine stadtbucherei coesfeld dulmen gronau ibbenburen lengerich munster steinfurt
multcolib	Multnomah County Library		public	albina belmont closed for construction reopens summer capitol hill opening may fairview columbia gregory heights hillsdale holgate hollywood kenton midland portland northwest rockwood sellwood moreland johns troutdale woodstock
murraylibrary	Murray City Library	USA	public
murrietalibrary	Murrieta Public Library	USA	public
muskingum	Muskingum County Library System		public	dresden duncan falls philo new concord roseville zanesville
musselmanlibrary	Gettysburg College	USA	college
mvc	Moreno Valley College	USA	college
mvlc	Merrimack Valley Library Consortium	USA	public	amesbury andover hall billerica boxford burlington carlisle gleason chelmsford dracut moses greeley parker dunstable essex burnham georgetown peabody groton groveland langley adams hamilton wenham haverhill ipswich lawrence littleton reuben hoar manchester sea merrimac methuen nevins middleton flint newbury newburyport stevens reading rockport rowley salisbury samuel pollard tewksbury topsfield tyngsborough westford fletcher wilmington
mvls	Mohawk Valley Library System	USA	public	amsterdam canajoharie hunter plain frothingham fonda gloversville johnstown margaret reaney johnsville middleburgh northville schenectady schoharie sharon springs cobleskill richmondville
myapl	Ascension Parish Library		public	donaldsonville dutchtown galvez
myfwc	Florida Fish and Wildlife Conservation Commission	USA	company
myjdl	Jackson District Library		public
mykaarma	myKaarma		company
mylakelibrary	Lake County Library System		public	astor cagan crossing citrus ridge cooper mini fruitland park helen lehmann lady leesburg marianne beck marion baysinger minneola schoolhouse paisley tavares umatilla bland
mymanatee	Manatee County Public Library System		public	braden river island lakewood ranch palmetto rocky bluff
myrl	Richland Library		public	ballentine blythewood cooper eastover northeast sandhills southeast andrews wheatley
nacc	Northeast Alabama Community College	USA	college
nachikatsuuratown	Nachikatsuura Town Board of Education	Japan	public
naperville	Naperville Public Library		public	95th street naper blvd nichols
narita-public-library	Narita Public Library	Japan	public
nascar	NASCAR		company
nasem	National Academy of Sciences, Engineering and Medicine	USA	company	academies
nashcc	Nash Community College	USA	college
nashville	Nashville Public Library	USA	public	bellevue bordeaux donelson edgehill edmondson pike goodlettsville green hills hadley park hermitage inglewood looby madison old hickory pruitt richland southeast thompson lane watkins
nassau	Nassau Digital Doorway		public	baldwin bayville bellmore bethpage bryant meadow rockaway williston elmont farmingdale floral park franklin square freeport garden glen cove gold coast great neck hempstead henry waldinger hewlett woodmere hicksville hillside island trees lakeview levittown locust valley long beach lynbrook malverne manhasset massapequa bar harbour building avenue merrick mineola oceanside oyster bay norwich peninsula plainedge plainview old port washington rockville roosevelt sea cliff seaford shelter rock syosset uniondale wantagh westbury
nationalre	National Reconnaissance Office	USA	company	nro
nato	NATO e-Library		company
natsecspaceinst	National Security Space Institute	USA	company
navajoco	Navajo County Library District		public
nblib	Ningbo Library (宁波图书馆)		public
nbme	NBME (National Board of Medical Examiners)		company
ncbi	Vision Ireland	Ireland	public
ncdigital	North Carolina Digital Library	NC, USA	public	albemarle ahoskie elizabeth sewell parker gates lawrence northampton salle jenkins buncombe black mountain asheville enka candler fairview leicester pack oakley skyland swannanoa weaverville caldwell granite falls hudson carteret catawba claremont conover maiden newton sherrills ford southwest stephens chapel hill cumberland davidson foothills consortium mooneyham norris rutherford spindale forsyth carver road clemmons kernersville lewisville malloy jordan winston heritage reynolda manor rural hall southside walkertown gaston belmont bessemer cherryville dallas ferguson holly stanley tech lowell union haywood waynesville canton fines creek maggie valley henderson edneyville etowah fletcher green river mills hickory patrick beaver ridgeview high point lincoln charles jonas florence soule shanklin mooresville new hanover onslow polk saluda rowan frank tadlock southern pines transylvania
ncdl	Northern California Digital Library	CA, USA	public	alameda bay farm island end amador ione pine grove pioneer plymouth aptos blue lake rancheria tribal boulder creek branciforte calaveras angels camp arnold copperopolis mokelumne hill murphys valley springs point capitola felton garfield park harrison hayward selva beach live oak lodi loomis learning mariposa bassett wawona portal red cloud yosemite mission family reading monterey mountain view oakhurst pacific palo alto childrens terrace downtown mitchell rinconada pleasanton san benito santa clara cruz scotts tuolumne groveland twain harte watsonville
ncgrl	Goldfields Libraries		public	research
nckids	NC Kids Digital Library	NC, USA	public	alamance albemarle alexander ayden barco bhm bladen braswell brunswick buncombe burke cabarrus caldwell camden catawba chapel hill chatham cleveland columbus corolla craven pamlico cumberland information davidson davie duplin durham edgecombe farmville fontana foothills consortium mooneyham norris rutherford spindale forsyth franklin gaston george laura brown gibsonville given tufts archives granville greensboro grifton gunn halifax harnett harold cooley hatteras haywood henderson hickory high point hocutt ellington iredell jackson jamestown kill devil hlils kings mountain mauney lee lincoln madison manteo mcdowell mooresville morehead moyock nantahala neuse new hanover onslow orange pasquotank pender perry person pettigrew polk charlotte mecklenburg johnston smithfield randolph roanoke rapids robeson rockingham rowan sampson clinton sandhill scotland sheppard southern pines stanly toe river valley transylvania union wake warren washburn outreach wayne wilson yancey
nckidslevelup	NC Kids Level Up		public	alamance albemarle alexander ayden barco bhm bladen braswell brunswick schools buncombe burke cabarrus caldwell camden catawba chapel hill chatham cleveland columbus corolla craven pamlico cumberland information davidson davie duplin durham edgecombe farmville fontana foothills consortium mooneyham norris rutherford spindale forsyth franklin gaston george laura brown gibsonville given tufts archives granville greensboro grifton gunn halifax harnett harold cooley hatteras haywood henderson hickory high point hocutt ellington iredell jackson jamestown kill devil hills kings mountain mauney lee lincoln madison manteo mcdowell mooresville morehead moyock nantahala neuse new hanover onslow orange pasquotank pender perry person pettigrew polk charlotte mecklenburg johnston smithfield randolph roanoke rapids robeson rockingham rowan sampson clinton sandhill scotland sheppard southern pines stanly toe river valley transylvania union wake warren washburn outreach wayne wilson yancey
ncltw	National Central Library		public
ncwlibraries	NCW Libraries		public	brewster bridgeport cashmere chelan coulee curlew wenatchee entiat ephrata george grand leavenworth manson mattawa moses lake okanogan omak oroville pateros peshastin quincy republic royal soap tonasket twisp warden waterville winthrop
ndac	North Dakota Academic Consortium	USA	college	bismarck state dickinson stoxen mayville paul hoghaug lake region united tribes technical jamestown valley
ndlibrary2go	North Dakota Digital Consortium	USA	public	adams reeder beulah bismarck veterans bowbells bowman cando carrington casselton cavalier dickinson divide eddy new rockford enderlin fargo forman garrison golden valley grand forks griggs harry petrie hatton hazen heart america james river alfred dickey stutsman kidder killdeer kindred lake region lakota leach lisbon maddock max mayville mckenzie mclean mercer mcville minot mohall morton mandan mott state northwood oakes park pembina rolla satre stanley stanton turtle underwood barnes velva walhalla ward kenmare washburn satellite williston wishek
ndscs	North Dakota State College of Science	USA	college
ndu	National Defense University	USA	college
nebraska	Nebraska OverDrive Libraries	USA	public	agnes robinson waterloo ainsworth albion alice farr alliance arapahoe arcadia arlington arthur ashland atkinson auburn auld axtell bancroft bartley battle creek bayard beatrice beaver bellevue bennington big springs blair bloomfield blue hill bridgeport broken bow bruning bruun burkley resource butler byron ceresco chadron chappell art gallery clarkson clay clearwater columbus cordelia preston crawford creighton crete culbertson dakota davenport deshler dundy dvoracek elgin elmwood elwood emerson exeter fairbury fairfield fairmont falls arts franklin fullerton gardner garfield geneva genoa gering gibbon gilbert gordon gothenburg grand island grant greenwood gretna hartington hastings hebron secrest hemingford schools hildreth hoesch holdrege hooker hooper house howells hruska humphrey indianola jensen john stahl rogers karlen kathleen lute kearney keene kimball klyte burt vista laurel leigh lexington lied imperial lincoln pierce randolph winside logan louisville loup lyman lyons madison mccook mead meadow grove mitchell morrill morton james nancy fawcett neligh nelson newman nigel sprouse norfolk bend platte oakland
nebrwesleyan	Nebraska Wesleyan University	USA	college
nedbank	Nedbank		company
neflin	NEFLIN	USA	public	calhoun columbia flagler holmes jackson levy marion new river cooperative emily taber union bradford putnam suwannee branford greenville jennings lee madison virginia chandler white springs washington
nelnet	Nelnet		company
nemcc	Northeast Mississippi Community College	USA	college
neo	NEO A&M College	USA	college
nepadl	Northeast Pennsylvania Digital Library	USA	public	lackawanna abington albright carbondale dalton everhart museum childrens express nancy kay holmes pocono taylor valley pike dingman milford susquehanna forest hallstead montrose tunkhannock wayne alliance bethany hamlin hawley newfoundland northern pleasant
nescotlandco	North East Scotland College		college
netldc	Northeast Texas Digital Consortium	USA	public	allen atlanta atwell bonham bullard cameron jarvis troup celina goodwin chandler charles rike commerce cooke corsicana crandall combine denison doris padgett duncanville ennis farmers manske ferris forney franklin gilliam grand saline gunter museum henderson clint murchison honey grove learning jacksonville joe hall high kaufman kilgore lillie russell lone oak longview marshall maud mcmillan melissa mesquite midlothian enterprise pleasant muenster nicholas sims palestine paris pittsburg camp pottsboro princeton lois nelson prosper quitman rains red river rita truett smith riter hulsey rockwall rowlett rusk sachse sammy brown seagoville sherman sulphur springs tatum tawakoni texarkana cedar creek lake tri tyler park van alstyne zandt walworth harrison white whitehouse whitewright
nevadastate	Nevada State University	USA	college
newcanaanlibrary	New Canaan Library		public
newcastle	Newcastle University	United Kingdom	college
newcastleau	Newcastle Libraries	Australia	public	adamstown beresfield dungog shire hamilton lambton mayfield new raymond terrace librray stockton tilligerry tomaree wallsend
newhope	New Hope Presbyterian Church		company
neworleans	New Orleans Public Library		public	algiers alvar childrens resource cita dennis hubbell martin luther king mid milton latter nix norman mayer robert smith rosa keller
newportuk	Newport City Council		public
newrelic	New Relic		company
newschoolarch	Newschool of Architecture and Design	USA	college
nga	National Geospatial - Intelligence Agency GEOINT Research Library	USA	company
ngrls	Northwest Georgia Regional Library System		public	calhoun gordon chatsworth murray dalton whitfield
nh	New Hampshire State Library	USA	public	aaron cutler abbie greenleaf acworth silsby allenstown alton gilman amherst andover ashland barnstead oscar foss barrington bartlett bath bedford belmont berlin bethlehem boscawen bow baker brookline brown byron merrill campton canaan chamberlin chesley chester chesterfield chichester colby colebrook conant concord converse conway cook daland dalton davis derry dover dublin dudley tucker dummer milan dunbar dunbarton durham kingston effingham elkins enfield epsom errol exeter fiske fitzwilliam franklin freedom fremont frost fuller gafney gale gay kimball george gamble stowell holmes bixby gep dodge gilford gilmanton year round association gilsum goffstown goodwin gordon nash gorham grafton griffin hall hampstead hampton falls hancock hanover etna howe harrisville harvey mitchell haverhill hebron henniker hill hinsdale holderness hollis social hooksett hopkinton ingalls tarbell jackson jaffrey james tuttle joseph patch keene kensington laconia lane langdon leach lebanon lee libbie cass lincoln lisbon littleton madbury madison manchester mansfield marc hurzeler marlow mary mason maxfield meredith merrimack milford wadleigh
nhfpl	New Haven Free Public Library		public
nhsgloucestershire	Gloucestershire Hospitals NHS Foundation Trust		company
ni	National Instruments Corporation		company
nic	National Institute of Corrections	USA	company
nicc	Northeast Iowa Community College	USA	college
niederrhein	Niederrhein	Germany	public	albert vigoleis thelen stadtbibliothek bibliothek markt schwalmtal gemeindebibliothek niederkruchten mediathek kamp lintfort dormagen kempen rheinberg tonisvorst voerde willich stadtbucherei emmerich rhein goch grevenbroich hamminkeln kleve nettetal neukirchen vluyn rees wesel xanten
niedersachsen	Niedersachsen	Germany	public	bucherei steinkirchen gemeindebucherei rastede schee schul und samtgemeindebucherei tarmstedt stadtbibliothek celle osterode harz varel stadtbucherei holzminden schortens twistringen
nihlibrary	National Institutes of Health Library	USA	company
nihpatientlibrary	NIH Patient Library	USA	company
nikken-cm	Nikken Sekkei Construction Management		company
nilrc	NILRC Academic Shared Digital Collection	USA	college	black hawk carl sandburg colleges chicago lake danville elgin heartland highland illinois valley joliet junior kishwaukee lincoln land morton oakton parkland rock triton waubonsee
nioga	Nioga Library System		public	barker byron bergen corfu haxton hoag lee whedon lewiston lockport newfane niagara falls lasalle tonawanda pavilion ransomville richmond royalton hartland sanborn pekin wilson woodward yates youngstown
njedge	Virtual Academic Library Environment of New Jersey (VALE)	USA	college	kean montclair state rowan burlington salem
nlb	NLB	Singapore	public	ang kio bedok bishan bukit batok merah panjang cheng san choa chu kang clementi geylang jurong chinatown esplanade harbourfront orchard marine parade national lee kong chian reference pasir ris queenstown sembawang sengkang serangoon tampines toa payoh woodlands yishun
nlclibrary	Northeast Lakeview College	USA	college
nlsa	The National Library of South Africa	South Africa	public
nm	New Mexico Library To Go	USA	public	alamogordo albert thompson anthony libray artesia arthur johnson aztec belen bloomfield bosque farms capitan carlsbad carnegie clovis carver columbus david cargo villanueva eagle nest edgewood rito eleanor daggett embudo valley estancia sumner gila glenwood grants hatch hillsboro laguna lordsburg hidalgo los lunas museum heritage arts magdalena marshall martha liebert mountainair nambe pueblo octavia fellin children youth portales isleta pojoaque questa red river roswell ruidoso sandia learning resource santa ana clara santo domingo shuter angel fire silver socorro sunland park taos taytsugeh oweengeh tucumcari corona vista grande zia enrichment zuni
nmls	Nicholson Memorial Library System	USA	public	garland walnut creek
nmmi	New Mexico Military Institute	USA	college
nmsudonaana	New Mexico State University Dona Ana	USA	college
nnpls	Newport News Public Library System	USA	public	administration street pearl bailey virgil grissom
nnyoverdrive	Northern New York Library Network	USA	college	canisius cayuga clarkson cuny stella charles guttman dyouville finger lakes genesee hobart william smith colleges paul smiths rockland suny brockport broome canton buffalo oswego plattsburgh corning maritime morrisville niagara ulster tompkins cortland trocaire upstate medical
noaalibs	NOAA Library Network	USA	company
noble	NOBLE: North of Boston Library Exchange	MA, USA	public	beverly bunker hill learning commons danvers peabody institute endicott diane halle everett gloucester sawyer gordon jenks lynn lynnfield marblehead abbot mass board commissioners melrose merrimack mcquade montserrat paul scott nahant phillips academy andover oliver wendell holmes reading revere salem state saugus stoneham swampscott wakefield lucius beebe winthrop
nobts	New Orleans Baptist Theological Seminary	USA	college
noda-city	Noda Public Library	Japan	public
noosaqld	Noosa Library Service		public	noosaville
nordleihe	Nordleihe	Germany	public	bibliothek meer der samtgemeinde zeven gemeindebucherei ganderkesee wiefelstede mediothek diepholz ratsbucherei luneburg stadtbibliothek achim buxtehude melle rotenburg verden stadtbucherei delmenhorst
norfolk	Norfolk County Council	United Kingdom	public	acle attleborough aylsham blofield brundall caister costessey cromer dereham dersingham diss downham market earlham fakenham gaywood gorleston great yarmouth harleston hellesdon hethersett hingham holt hunstanton kings lynn loddon long stratton martham mile cross mundesley norwich millennium information walsham plumstead road poringland reepham sheringham sprowston williams way stalham swaffham taverham thetford tuckswood watton wells wroxham wymondham
norfolk-va	Norfolk Public Library		public
nortal	Nortal		company
north-west	North-West University		college
northcountrylibraries	North Country Library System		public	adams annie porter ainsworth elizabeth strong badenhausen reading room beaver falls bodman brantingham greig brownville glen park canton cape vincent carthage square clifton cogswell constableville croghan crosby depauville dexter hounsfield ellisburg evans mills fulton hammond hannibal harrisville hawn hay sackets harbor henderson hepburn colton edwards hermon lisbon madrid norfolk waddington heuvelton hopkinton lowville lyme lyons macsherry mannsville massena mexico morley morristown norwood ogdensburg orleans osceola oswego philomathean phoenix port leyden potsdam pulaski association gouverneur rensselaer richville rodman roswell flower russell sally ploof hunter theresa thousand island lewis william bush williamstown
northeastcc	Northeast Community College		college
northeasternuni	Northeastern University		college
northeaststate	Northeast State Community College	USA	college
northernbeacheslibraries	Northern Beaches Libraries	Australia	public	dee why forestville glen street manly mona vale warringah mall
northerncape	Northern Cape Provincial Library Service	South Africa	public
northernlthlth	Northern Light Eastern Maine Medical Center		company
northmankato	North Mankato Taylor Library		public
northmiami	North Miami Public Library	USA	public
northnet	NorthNet Library System	CA, USA	public	alpine bayliss benicia butte biggs chico durham gridley oroville paradise colusa del norte dorado elk creek folsom hamilton humboldt lassen lincoln modoc mono napa nevada orland placer auburn colfax foresthill granite bay kings beach meadow vista rocklin tahoe plumas alleghany chester downieville greenville loyalton portola sierra roseville shasta siskiyou valley dunsmuir etna jones happy camp mccloud montague scott bar tulelake weed yreka helena sutter tehama trinity woodland yuba
northumbrianhs	Northumbria Healthcare NHS Foundation Trust		company	tust
northumbriauni	Northumbria University		college
northwestlib	North West Provincial Library Services	South Africa	public
northyorks	North Yorkshire Libraries	United Kingdom	public	barlby hub bedale bentham bilton woodfield boroughbridge resource catterick colburn derwent valley bridge easingwold eastfield more than books embsay with eastby filey gargrave malhamdale grassington great ayton discovery harrogate hawes customer helmsley ingleton kirkbymoorside clic knaresborough leyburn malton mashamshire newby scalby information nidderdale plus northallerton norton hive pickering richmond ripon scarborough selby settle sherburn villages skipton craven starbeck stokesley globe tadcaster thirsk whitby
norwalk	Norwalk Public Library		public
norwegian	Norwegian Cruise Line Holdings Ltd.		company	jade aqua jewel luna pearl pride america prima spirit viva
norwich	Norwich University	USA	college
notlpubliclibrary	Niagara-on-the-Lake Public Library	Canada	public
nottingham	Nottingham Trent University		college
nottinghamcity	Nottingham City Libraries	United Kingdom	public	aspley basford bilborough bulwell riverside clifton dales hyson green meadows radford lenton southglade park anns valley strelley road wollaton
nottinghamshire	Nottinghamshire Libraries		public	annesley woodhouse partnership arnold balderton balmoral beeston bilsthorpe bingham bircotes blidworth burton joyce calverton carlton hill lindrick clipstone collingham cotgrave dukeries leake eastwood edgewood edwinstowe learning farnsfield forest gedling gotham hucknall huthwaite inham nook inspire jacksdale keyworth kimberley kirkby ashfield ladybrook langold lowdham mansfield mapperley misterton newark ollerton radcliffe trent rainworth ravenshead retford ruddington selston skegby stanton southwell stapleford sutton bonington toton tuxford warsop bridgford woodthorpe worksop
novac	Northern Virginia Astronomy Club - NOVAC		company
novel	Upper North Island	New Zealand	public	far kaeo kaikohe kaitaia kawakawa paihia procter kaipara whangarei
npl	Nacogdoches Public Library	TX, USA	public
npsvall	National Park Service, Valles Caldera National Preserve	USA	company
nptuk	Neath Port Talbot Libraries		public
nscc	Nova Scotia Community College	Canada	college
nsdc	North Suburban Digital Consortium		public	algonquin eastgate crystal lake ela fox river valley indian trails villa mchenry park ridge
nsftlibrary	Norfolk and Suffolk NHS Foundation Trust	United Kingdom	company
nswfr	Fire and Rescue NSW		company
nswrfs	NSW Rural Fire Service	Australia	company
ntclib	Nantong Library		public
ntlotgmagazines	NTLOTG Magazines		public
ntrls	North Texas Libraries on the Go	USA	public	aledo aubrey azle bedford benbrook boyce ditto bridgeport burleson cleburne crowley decatur dublin grapevine haltom haslet hurst joshua keller lake worth graham richland hills saginaw southlake springtown colony watauga weatherford white settlement wichita falls
ntu	Nanyang Technological University	Singapore	college
nu	Northwest University	USA	college
nucorindiana	Nucor Steel Indiana		company
nuqlibrary	Northwestern University in Qatar	USA	college
nvclibrary	Northwest Vista College	USA	college
nvstatelib	Nevada State Library, Archives and Public Records	USA	public
nwacc	NorthWest Arkansas Community College	USA	college	nwacc
nwscc	Northwest Shoals Community College		college
nwslc	North Warwickshire and South Leicestershire College		college
nwt	Northwest Territories Public Libraries	Canada	public	yellowknife
nycf	New York Correctional Facilities (ViaPath)		company
nyjlib	Namyangju-si Library	South Korea	public
nypa	New York Power Authority		company
nypl	New York Public Library		public	115th street 125th 58th 67th 96th aguilar allerton andrew heiskell braille talking book battery park baychester belmont bloomingdale bronx castle hill chatham square island clasons point columbus countee cullen dongan hills eastchester edenwald epiphany washington francis martin george bruce grand concourse great kills hamilton fish grange harlem high bridge hudson huguenot hunts inwood jefferson market jerome kingsbridge kips bay macombs mariners harbor melrose mid manhattan morningside heights morris morrisania mosholu mott haven muhlenberg mulberry amsterdam dorp for performing arts ottendorfer parkchester pelham port richmond richmondtown riverdale riverside roosevelt schomburg research black culture science industry business sedgwick seward soundview beach spuyten duyvil agnes stapleton stephen schwarzman terence cardinal cooke cathedral throgs neck todt westerleigh tompkins tottenville tremont van cortlandt nest wakefield webster farms brighton westchester woodlawn woodstock yorkville
nysoclib	New York Society Library		company
nyu	New York University		college
oakland	Oakland Public Library		public	african american museum asian brookfield dimond eastmont elmhurst fruitvale golden gate lakeview martin luther king melrose montclair piedmont rockridge temescal
oandc	Oxford and Cambridge Club		company
obihirocity	Obihiro City Library	Japan	public
ocas	OCAS		company
occc	Oklahoma City Community College	USA	college
ocean	Ocean County College	USA	college
oceancity	Ocean City Free Public Library		public
ocfs	NYS Office of Children and Family Services		company
ochsner	Ochsner Medical Library		company
ocl	Ocean County Library		public	barnegat bay head reading beachwood berkeley brick island heights jackson lacey lakewood little egg harbor long beach manchester plumsted point pleasant staffard tuckerton upper shores waretown whiting
ocln	Old Colony Library Network	MA, USA	public	abington avon brockton canton cohasset paul pratt duxbury hanover john curtis hingham holbrook hull kingston marshfield ventress milton norwell plymouth manomet quincy adams shore wollaston randolph turner rockland sandwich scituate sharon stoughton thayer thomas crane walpole weymouth fogg tufts whitman
ocls	Orange County Library System		public	alafaya chickasaw eatonville fairview shores hiawassee orlando creek trail southeast southwest washington park oaks windermere winter garden
oclsca	College Libraries Ontario		college	durham cite collegiale lambton colleges lawrence
ocnc	Orange County Public Library	USA	public	carrboro cybrary closed hillsborough southern
ocpl	OC Public Libraries		public	aliso viejo brea costa mesa verde cypress dana point toro foothill ranch fountain valley garden grove tibor rubin chapman habra palma ladera laguna beach hills technology niguel woods canyons los alamitos rossmoor orangewood childrens home rancho santa margarita san clemente juan capistrano seal mary wilson stanton tustin villa park westminster
odessacollege	Odessa College	USA	college
odl	Oklahoma Department of Libraries	USA	public
odmc	Ontario Library Service Consortium	Canada	public	addington highlands denbigh admaston bromley alderville first nation alnwick haldimand argyle armstrong arnprior asphodel norwood assiginack athens atikameksheng anishnawbek atikokan augusta bancroft baysville belleville bibliotheque publique clarence rockland publiques canton dalfred plantagenet big grassy biigtigong nishnaabeg billings black river matheson blind blue mountains craigleith heritage depot shore bonfield bonnechere union bracebridge brighton codrington britt brock brockville bruce cargill chesley kincardine lions head lucknow mildmay paisley port elgin ripley sauble beach southampton tara teeswater tiverton tobermory walkerton wiarton mines plummer additional burks falls caledon callander carleton place carlow mayo casselman cavan monaghan millbrook manitoulin hastings madoc champlain chapleau chatham kent chippewas rama clarington museums archives clearview cobalt cobourg bewdley alice behan gores landing cochrane collingwood cornwall cramahe deep deseronto dorion douro dummer dryden dwight ear ferris gwillimbury edwardsburgh cardinal spencerville aylmer old hall belmont fred bodsworth john kenneth galbraith reference stanley rodney shedden springfield straffordville lorne elizabethtown kitley lyn new dublin
odteam	OverDrive Team Library		public
offalycountyie	Offaly County Library	Ireland	public
oglalalakota	Oglala Lakota College		college
ohdbks	The Ohio Digital Library	USA	public	ada adams alger amherst arcanum archbold ashland ashtabula geneva athens auglaize cridersville minster new bremen knoxville wapakoneta waynesfield avon lake barnesville hutton bellaire belle belmont blanchester bliss bluffton bowerston briggs lawrence brown fayetteville perry georgetown orab sardinia brumback bucyrus caldwell canal fulton cardington lincoln carnegie liverpool washington court house carroll malvern centerburg champaign lewisburg chillicothe ross howard young kingston northside paxton richmond dale salem clark enon houston northridge park southgate tuttle claymont dennison clermont amelia batavia doris wood bethel felicity goshen milford miami flannery owensville union williamsburg marion croswell coldwater columbiana sunbury coshocton lafayette crestline cuyahoga falls dally defiance johnson sherwood delaware orange ostrander powell delphos delta dorcas carey dover samuel bossard palestine evergreen findlay hancock arlington forest jackson recovery franklin springboro galion garnet wilson germantown gnadenhutten grafton midview grand valley gratis great oaks schools greenville guernsey byesville crossroads hardin northern harris elmore genoa herbert wescoat herrick highland greenfield hillsboro
oilcreek	Oil Creek Library District		public	clarion eccles lesher knox mengle punxsutawney rebecca arthurs mem redbank valley reynoldsville summerville sykesville
okanagan	Okanagan College		college
okvirtuallibrary	OK Virtual Library	OK, USA	public	absentee shawnee tribal ada allen alva anadarko antlers apache ardmore barnsdall ethel briggs bartlesville beaver pioneer blackwell bristow montfort allie jones catoosa chandler watts chelsea cherokee chickasha coweta crescent cushing donald reynolds drumright duncan reno carnegie elgin elk fairfax fairview garland smith geary george captain glover spencer grace pickens guthrie guymon arts haynie hennessey hobart hominy hooker olive warner inola iowa tribe oklahoma jay byers kellyville kingfisher langley lawton kathleen wyatt nicholson lindsay locust grove mabel fry madill mangum margaret carder mannford maysville meeker miami mustang newkirk norman nowata okeene okemah okmulgee pauls valley nora sparks warren mem pawhuska perry piedmont ponca enid garfield quapaw ringling gleason sapulpa seminole shattuck snyder soutar southern prairie hollis stillwater stroud talala thomas harrison pryor wilhite tonkawa tuttle tyrone vinita wagoner walters watonga waurika waynoka wewoka will rogers woodward wyandotte nation historical wynnewood
oldenburg	Stadtbibliothek Oldenburg	Germany	public
olivebaptist	Olive Baptist Church Library		company
omaha	Omaha Public Library		public	sorensen benson bess johnson elkhorn charles washington florence interim millard milton abrahams ralstons baright saddlebrook clarke swanson willa cather
omia	OverDrive for Michigan & Indiana Academics	USA	college	alpena bay noc earlham eastern glen oaks grand rapids valley state hillsdale kirtland macomb montcalm northern northwestern omia southwestern trine washtenaw western homer stryker medicine
omnilibraries	Online Media of Northern Illinois Libraries	USA	public	bourbonnais byron charles phillips clinton coal colona cordova cortland creston dement dekalb dixon dubuque moline elizabeth ella johnson elwood erie fossil ridge freeport geneseo genoa graves hume hanover harvard diggins henry adams hinckley homer ida johnsburg julia hull kaneville kankakee moille clarion ladd lanark lasalle lena limestone malta manhattan manteno maple park marengo union mokena morris carroll new lenox nippersink suburban loves roscoe odell oglesby oregon oswego pankhurst pecatonica peotone peru plano polo princeton putnam condit granville magnolia mcnabb standard raymond sapp reddick richard mautino river valley robert jones rowe rock falls island sandwich schmaling seneca sherrard silvis somonauk beloit sterling streator sycamore talcott three rivers tiskilwa utica walnut warren western wilmington winnebago yorkville
onchan	Onchan Public Library		public
onegrid	GridSME		company	onegrid
onlib	Onondaga County Public Library	NY, USA	public	baldwinsville beauchamp betts dewitt jamesville syracuse elbridge fairmount fayetteville hazard jordan bramley lafayette liverpool manlius marcellus maxwell minoa mundy nopl brewerton cicero northeast northern paine petit salina skaneateles solvay soule connections tully white
onomichi-city	Onomichi City Library	Japan	public
ontarioshores	Ontario Shores Centre for Mental Health Sciences		company
open	The Open University	United Kingdom	college
opsu	Oklahoma Panhandle State University	USA	college	mckee
opw	Office of Public Works Ireland	Ireland	company
oregonstate	Oregon State University	USA	college	osu
ori-library	Orient Research Institute Digital Documentation Center	Japan	company
orl	Okanagan Regional Library	Canada	public	armstrong orl cherryville enderby falkland golden headquarters hedley kaleden kelowna keremeos lake country lumby mission naramata shuswap falls oliver osoyoos oyama peachland princeton revelstoke rutland salmon arm sicamous silver creek summerland ubc vernon
orlandohealth	Orlando Health		company
orlandparklibrary	Orland Park Public Library		public
orparc	Oregon Post Adoption Resource Center		company
orpl	Oak Ridge Public Library	USA	public
osceolalibrary	Osceola Library System		public	buenaventura lakes kenansville poinciana cloud celebration
osnabrueck	Stadtbibliothek Osnabrück		public
otofuke-library	Otofuke Town Library	Japan	public
ottawa	Ottawa Public Library	Canada	public
ottawaksedu	Ottawa University Kansas	USA	college
owl	OWL	Germany	public	bibliothek verl das medien phile haus gemeindebucherei hiddenhausen kirchlengern stadtbibliothek bielefeld bunde detmold gutersloh rheda wiedenbruck flora westfalica gmbh salzkotten versmold stadtbucherei bad salzuflen enger lenne karree oeynhausen
owwl	OWWL Library System		public	allens hill arcade avon bell nunda bloomfield bristol caledonia association clifton springs clyde savannah cordelia greene castile dansville eagle bliss gainesville silver geneva gorham honeoye lima livonia lyons macedon marion morris naples newark ontario headquarters palmyra perry phelps pike red creek jacket shortsville rose sodus stevens attica victor farmington wadsworth geneseo walworth seely warsaw williamson wolcott wood canandaigua wyoming circulating
oxfordshire	Oxfordshire County Council	United Kingdom	public	abingdon adderbury bampton banbury barton neighbourhood benson berinsfield bicester blackbird leys botley burford carterton charlbury chinnor chipping norton cowley deddington didcot eynsham faringdon goring grove headington henley hook kennington kidlington neithrop leigh old marston oxford academy sonning common stonesfield summertown thame wallingford wantage watlington wheatley witney woodcote woodstock wychwood
oxnard	Oxnard Public Library		public
pa-academic	PA Academic Libby Consortium		college	penn gwynedd mercy harcum keystone luzerne susquehanna thaddeus stevens technology wilkes wilson
pacf	Pennsylvania Correctional Facilities	USA	company
paclibrary	Palo Alto College	USA	college
paderborn	Stadtbibliothek Paderborn		public
pajulib	Paju Hanbit Library	South Korea	public
palmdesert	Palm Desert Library		public
palmerdonavin	Palmer-Donavin		company
palmetto	Palmetto Library Consortium	SC, USA	public	chapin darlington hartsville lamar society hill dillon georgetown andrews carvers bay waccamaw neck marian wright edelman marion mullins nichols sumter wesmark
palmspringslibrary	Palm Springs Public Library	USA	public
palomar	Palomar College		college
palsplus	PALS Plus NJ OverDrive Library	NJ, USA	public	alfred baumann belleville bloomingdale caldwell cedar grove clifton haledon kearny little falls passaic paterson pompton lakes ringwood totowa union verona wanaque wayne milford
panhandle	Panhandle Library Access Network	FL, USA	public	apalachicola margaret key bay calhoun crestview robert sikes destin perry eastside braden walton beach holmes hosford jackson lake leroy collins leon liberty harrell mary esther niceville northeast northwest okaloosa cooperative panama parker port joe gulf springfield valparaiso florida wewa wilderness coast franklin carrabelle eastpoint jefferson wakulla woodville
pariveda	Pariveda Solutions		company
parliamentau	Australian Parliamentary Library		company
parralibrary	City of Parramatta Library	Australia	public	carlingford constitution hill dundas valley epping ermington wentworth point
pasadena	Pasadena Public Library		public	allendale hastings hill avenue pintoresca lamanda park linda vista san rafael santa catalina villa parke
pascal	PASCAL Consortium	USA	college	anderson citadel military carolina clemson greenville technical lander midlands southern wesleyan spartanburg methodist tri trident aiken lancaster beaufort wofford
paytelmaga	Pay Tel Magazines		company
pcc	Portland Community College	USA	college
pclc	Polk County Library Cooperative	USA	public	auburndale bartow dundee eagle lake meade haines alfred wales lakeland kelly larry jackson latt maxcy mulberry outpost historical genealogical law winter haven
pdst	Oide	Ireland	company
peipls	Prince Edward Island Public Library Service	Canada	public	alberton bibliotheque publique dabram edmond arsenault henri blanchard borden carleton breadalbane charlottetown learning cornwall crapaud georgetown genevieve soloman hunter river kensington heritage kinkora montague rotary morell stewart murray harbour leona giddings oleary souris peters stratford summerside tignish tyne valley
pembrokeshire	Pembrokeshire Libraries		public
penang	Penang Digital Library	Malaysia	public
pennstateu	Pennsylvania State University	USA	college	penn
penrith	Penrith City Library		public
pentagonlib	Pentagon Library	USA	public
peoplecomp-in	PeopleCompass Consulting Library	India	company
pepperdine	Pepperdine University Libraries	USA	college
permanente	Mid-Atlantic Permanente Medical Group		company	mapmg
perthandkinross	Culture Perth & Kinross Limited	United Kingdom	public
pettes	Pettes Memorial Library	Canada	public
pfeiffer	Pfeiffer University	USA	college
pflagca	PFLAG Canada	Canada	company
pforzheim	Stadtbibliothek Pforzheim	Germany	public
pgcmls	Prince George's County Memorial Library System		public	accokeek baden beltsville bladensburg bowie fairmount heights glenarden greenbelt hillcrest hyattsville largo kettering laurel rainier new carrollton oxon hill administrative offices spaulding surratts clinton upper marlboro
pglibrary	Procter & Gamble Library		company
philanthropysoutheast	Philanthropy Southeast		company
phillipsburgnj	Phillipsburg Free Public Library		public
phoenix	Greater Phoenix Digital Library	USA	public	apache junction casa grande glendale foothills heroes park velma teague maricopa aguila mirage fairway fountain hills goodyear guadalupe hollyhock litchfield valley northwest perry queen creek robson southeast sun white tank mesa dobson ranch express red mountain peoria sunrise acacia agave burton barr century cesar chavez cholla desert broom sage harmon ironwood juniper mesquite ocotillo palo verde saguaro yucca scottsdale appaloosa arabian civic mustang palomino
pickens	Pickens County Library System	SC, USA	public	captain kimberly hampton clemson sarlin
piercecollege	Pierce College at Puyallup	USA	college
piercecounty	Pierce County Library System	USA	public	administration anderson island club bonney lake buckley dupont eatonville fife gig harbor peninsula graham key lakewood milton edgewood orting parkland spanaway hill steilacoom summit sumner tillicum place
pilothouse	Pilot House Associates, LLC		company
pima	Pima County Public Library	USA	public	caviglia arivaca dewhirts catalina dusenberry river eckstrom columbus pueblo rio flowing wells himmel joel valdez joyner green valley kirk bear canyon martha cooper miller golf links mission murphy wilmot nanini oro quincie douglas salazar ajo sam lena tucson santa rosa southwest valencia wheeler taft abbett woods
pimacc	Pima Community College	USA	college
pinnacle	Pinnacle Digital Consortium		public	fountaindale joliet black road lemont plainfield shorewood troy white oak lockport
pioneerland	Pioneerland Library System	MN, USA	public	appleton atwater benson bird island brownton canby clara cosmos dassel dawson fairfax glencoe graceville granite falls grove hector hutchinson kerkhoven lake lillian litchfield madison maynard milan montevideo new london olivia ortonville raymond renville spicer willmar winsted
pioneerok	Pioneer Library System		public	blanchard mcloud moore newcastle noble norman oklahoma purcell shawnee southwest tecumseh
pit	Pennsylvania Institute of Technology	USA	college
pitt	University of Pittsburgh	USA	college	johnstown
plano	Plano Public Library System	USA	public	davis haggard harrington parr schimelpfenig
plcmc	Charlotte Mecklenburg Library		public	allegra westbrooks cornelius davidson founders hall hickory grove imaginon joe joan martin independence closed for construction matthews mint hill mountain island myers park pineville plaza midwood boulevard southpark steele creek sugar
pls	Peninsula Library System	USA	public	burlingame easton daly bayshore john serramonte westlake menlo park belle haven redwood downtown shores schaberg san bruno mateo hillsdale marina atherton belmont brisbane palo alto foster half moon bay millbrae fair oaks pacifica sanchez sharp portola valley carlos woodside francisco grand avenue
plumcreeklibrary	Plum Creek Library System		public	adrian balaton cottonwood edgerton fulda heron lake ivanhoe jackson benton lakefield lamberton marshall lyon meinders pipestone minneota morgan mountain nobles worthington redwood falls rock luverne siverson slayton tracy tyler wabasso westbrook windom
pmml	Pritzker Military Museum & Library		company
pnks	Presbytery of Northern Kansas	USA	company
pnm	National Library of Malaysia	Malaysia	public
poetrylibrary	Southbank Centre	United Kingdom	company
pokagon	Pokagon Tribal Library	USA	public	simon research
politecnicojic	Politécnico Colombiano Jaime Isaza Cadavid	Colombia	college
portagelibrary	Portage County District Library		public	aurora brimfield garrettsville randolph streetsboro windham
portphillip	Port Phillip Library Service	Australia	public	albert park emerald hill middle melbourne kilda
poudre	Poudre River Public Library District		public	council tree harmony old administration
powerlibrary	POWER Library		public
powysuk	Powys County Council		public
ppas	Perbadanan Perpustakaan Awam Selangor	Malaysia	public
pplc	Pinellas Public Library Cooperative	USA	public	clearwater beach countryside greenwood dunedin friends lake gulf beaches gulfport largo lealman exchange oldsmar palm harbor park barbara ponce safety pete seminole petersburg childs james weldon johnson mirror president barack obama tarpon springs
ppld	Pikes Peak Library District		public	calhan cheyenne mountain fountain high prairie 21c manitou springs monument old colorado palmer lake penrose ruth holley sand creek ute pass
prairiestate	Prairie State College	USA	college
princememorial	Prince Memorial Library		public
princeton	Princeton University	USA	college
princetonlibrary	Princeton Public Library		public
princewilliam	Prince William Public Libraries	USA	public	bull run chinn park dale dumfries haymarket gainesville independent hill lake ridge montclair nokesville potomac
privycouncil	Privy Council Office / Government of Canada		company
prl	Pamunkey Regional Library		public	ashland atlee goochland hanover mechanicsville montpelier rockville
prls	Parkland Regional Library	Canada	public	alix alliance amisk bashaw bentley big valley blackfalds bowden brownfield cadogan camrose caroline carstairs castor clive coronation cremona czar david knipe daysland delburne didsbury donalda eckville edberg elnora forestburg hardisty hay lakes heisler hughenden innisfail killam lougheed mary moore maskwacis nordegg olds penhold ponoka jubilee provost rimbey rocky mountain house sedgewick spruce view stettler sundre sylvan lake water
providence	Providence College	USA	college
pstcc	Pellissippi State Community College	USA	college
ptbolibrary	Peterborough Public Library	Canada	public
pucedu	Pacific Union College		college
pueblolibrary	Pueblo City-County Library District		public	barkman greenhorn valley lamb patrick lucero rawlings tom anna marie giodone white
pugetsound	Puget Sound Partnership		company
pura	Zentralbibliothek PURA		public	uzh angehorige
purduemain	Purdue University-Main Campus		college
pvld	Palos Verdes Library District		public	malaga cove miraleste peninsula
pwdl	Piney Woods Digital Consortium	USA	public	allan shivers arthur temple austin bay sargent bellville bridge buna coldspring dickinson eula david wintermann fannie brown booth genevieve miller hitchcock groves huntsville jasper wootters crockett jones kountze marque liberty livingston lumberton new waverly newton orange san augustine silsbee archives vidor weimar
qnl	Qatar National Library	Qatar	public
qroc	Queensland Regional OverDrive Consortium	Australia	public	balonne shire council bollon dirranbandi hebel george thallon banana barcaldine alpha aramac ollie landers jericho muttaburra barcoo jundah stonehenge windorah blackall tambo boulia bulloo thargomindah burdekin burke carpentaria karumba normanton cassowary coast charters towers excelsior cherbourg aboriginal winifred fisher knowledge cloncurry bob mcdonald cook bloomfield cooktown croydon diamantina bedourie birdsville douglas mossman port etheridge georgetown flinders goondiwindi inglewood texas hinchinbrook halifax hope vale indigenous isaac lockhart river longreach ilfracombe isisford maranoa injune jackson mitchell mungallala roma surat wallumbilla yuleba mareeba mckinlay julia creek murweh augathella charleville morven napranum mary ann coconut burnett biggenden eidsvold gayndah monto perry mundubbera northern peninsula bamaga new mapoon seisia umagico palm island bwgcolman paroo cunnamulla wyandra yowah pormpuraaw thaayorre munkan quilpie richmond rural somerset tablelands torres ngulaig meta strait badu boigu dauan erub hammond iama kubin mabuiag poruma warraber weipa authority hibberd whitsunday bowen cannonvale collinsville proserpine wik mungkan aurukun winton wujal binal mungka bayen
qualtrics	Qualtrics		company
quatrefoil	Quatrefoil Library		company
queenslibrary	Queens Public Library		public	arverne astoria auburndale baisley park bay terrace bayside bellerose briarwood broad channel broadway cambria heights corona court square douglaston elmhurst flushing far rockaway forest hill fresh meadows glen oaks glendale hillcrest hollis howard beach hunters point jackson kew garden hills langston hughs laurelton lefferts lefrak long island maspeth mcgoldrick middle mitchell linden ozone peninsula pomonok poppenhusen bridge queensboro ravenswood rego richmond ridgewood rochdale rosedale seaside jamacia albans stainway stephen mather building arts craftsmanship high sunnyside white stone windsor woodhaven woodside
queerliblib	Queer Liberation Library		company
rafbokasafnid	Rafbókasafnið		public	borgarbokasafni amtsbokasafni akureyri stykkisholmi bokasafn ald akraness arborgar bildd linga bolungarvikur dalvikurbygg djupavogs eyjafjar arsveitar fjallabygg olafsfir siglufir gar jar grindavikur grundarfjar grytubakkahrepps hafnarfjar hrunamanna huna ings vestra kopavogs lestrarfelags svalbar sstrandar mosfellsb reykd reykjanesb sandger seltjarnarness sey isfjar skagastrandar fellsb talknafjar vestmannaeyja vopnafjar oxarfjar bokasafni brei dalsvik eskifir faskru sfir husavik raufarhofn rey arfir sto varfir hrisey hverager neskaupsta storutjarnaskola isafir jarbokasafn olfuss hera sbokasafn austur hunavatnssyslu borgarfjar dalabygg rang inga reykholahrepps skagfir strandasyslu vestur bar astrandasyslu skaftafellssyslu sbokasafni kirkjub jarklaustri lestrarfelag skei gnupverjahrepps lestrarfelagi baldur menningarmi hornafjar
rakutenlibrary	Rakuten		company	digital
randolph	Randolph County Public Library		public	archdale john clark liberty ramseur randleman seagrove
randolphcollege	Randolph College	USA	college
randwick	Randwick City Library Services	Australia	public
rapid7	Rapid7		company
rarakanra-library	Kanra Town Library		public
rbpl	Redondo Beach Public Library		public
rbwm	Royal Borough of Windsor & Maidenhead	United Kingdom	public	ascot durning boyn grove cookham cox green datchet dedworth eton wick horton pop old sunningdale sunninghill wraysbury container
rclgroup	RCL Foods Corporate Library		company
rcls	Ramapo Catskill Library System		public	albert wisner blauvelt chester cornwall cragsmoor daniel pierce grahamsville ellenville museum ethelbert crawford monticello fallsburg finkelstein spring valley florida gardiner goshen historical society greenwood lake haverstraw kings daughters highland falls ida cornell josephine louise walden liberty livingston manor roscoe mamakating middletown thrall moffat washingtonville monroe montgomery nanuet new newburgh nyack orangeburg palisades pearl river piermont pine bush port jervis rose stony point rosman rushmore mills sloatsburg suffern sunshine hall eldred tappan tomkins cove tuxedo park cottage wallkill ulster western sullivan callicoon jeffersonville narrowsburg woodbury wurtsboro
rcmplrc	RCMP Learning Resource Centre		company
rcsi-mub	RCSI- Medical University of Bahrain		college
rctc	Rochester Community and Technical College	USA	college
rdpl	Red Deer Public Library		public
reach	Reach University		college
readdfci	Dana-Farber Cancer Institute	USA	company
readfreely	Read Freely with Los Angeles Public Library		public
reading	Reading District Libraries	PA, USA	public	oley valley northeast northwest southeast wyomissing
readingarizona	Reading Arizona	USA	public
readinguk	Reading Libraries	United Kingdom	public
reads	Tennessee READS	USA	public	bartlett buffalo river region ardmore bethesda chapel hill clifton grove collinwood depot hickman elkton fairview fayetteville lincoln giles john holt brentwood lawrence leipers fork lewis lobelville loretto lynnville marshall maury minor pleasant nolensville perry spring wayne williamson clinch anna porter bean station blaine briceville caryville claiborne clinton coalfield dandridge deer lodge huntsville jacksboro jefferson jellico king family sevier kodak lafollette luttrell maynardville norris oakdale oneida parrott wood petros pigeon forge rocky top rutledge sunbright wartburg washburn white pine winfield collegedale collierville burch edward ward carmack sumner elmer hinton falling water alexandria algood art circle baxter bledsoe burritt charles ralph holland clay fentress gordonsville justin potter macon millard oakley overton monterey pickett putnam red boiling springs sequatchie smith germantown hatchie bolivar hardeman chester decatur elma ross everett horn halls hardin irving meek jack mcconnico jackson madison lauderdale lee ola roberts middleton munford tipton parsons somerville fayette holston avoca bloomingdale bristol church
realtor	National Association of REALTORS®		company	archives
reddecolombos	Colombian/American Bi-national Centers	Colombia	company	colombo armenia bogota
reddit	Reddit		company
redlandqld	Redland City Library Service	Australia	public	capalaba dunwich point lookout cleveland russell island victoria
reedley	Reedley College	USA	college
regionwaterloo	Region of Waterloo - Employees Only	Canada	company	learning work
reichmanuni	Reichman University		college
renfrewshire	Renfrewshire Libraries	United Kingdom	public	bishopton bridge weir erskine ferguslie foxbar glenburn johnstone linwood lochwinnoch paisley ralston renfrew
renovationchrch	Renovation Church		company
rensselearccf	Rensselear County NY		company
researchautism	Organization for Autism Research (OAR)		company
resixperts	ResiXperts		company
revolib	Revolib		company
reynoldslibraries	Reynolds Community College	USA	college
rhpl	Richmond Hill Public Library	Canada	public	oak ridges green richvale
rhslibraries	The Royal Horticultural Society	United Kingdom	company	harlow carr lindley wisley
ricepubliclibrary	Rice Public Library	ME, USA	public
richardson	Richardson Public Library	USA	public
richmondlibrary	Richmond Public Library	CA, USA	public
richmondpubliclibrary	Richmond Public Library		public	belmont broad rock end ginter park hull street ave westover hills
riezone	Ocean State Libraries eZone	USA	public	ashaway barrington bristol rogers burrillville jesse smith falls adams clark coventry greene cranston arlington auburn knightsville oak lawn william hall cross mills cumberland davisville greenwich providence riverside weaver smithfield exeter george hail glocester manton greenville harmony hope jamestown philomenian johnston marian mohr langworthy foster tyler lincoln little compton brownell louttit middletown narragansett maury loontjens new shoreham island newport kingstown union scituate office information olis pascoag pawtucket pontiac portsmouth fox point knight pleasant olneyville rochambeau hill wanskuck washington park kingston peace dale robert beverly hale georges tiverton essex warwick apponaug conimicut norwood westerly wilcox willett woonsocket harris
riopl	Rio Rancho Public Library	USA	public	esther bone loma colorado
riti	Remote Imagery Technologies, Inc.	USA	company
rivershare	RiverShare Libraries	USA	public	bettendorf davenport fairmount street leclaire musser scott blue grass station buffalo durant princeton walcott
rivershareacademic	RiverShare Academic Libraries		college	clinton muscatine scott
riverside	Riverside Public Library	USA	public
riversidejail	Riverside Regional Jail		company
rlp	OverDrive Rheinland-Pfalz	Germany	public	bibliothek sprendlingen gensingen bitburg stadtische der hanns simon stiftung bucherei neuen schloss simmern daun kreisbibliothek gemeindebucherei gollheim jockgrim neuhofen neustadt wied waldmohr hachenburg stadtbucherei werner guth hermeskeiler kreis und kusel mainz offentliche anna seghers mediathek ingelheim romerberg neuwied stadtbibliothek historischen rathaus bad sobernheim neuenahr ahrweiler bingen diez germersheim idar oberstein kirchheimbolanden konz landau montabaur nassau adenau alzey ems frankenthal kandel kirn mayen weinstra pirmasens schifferstadt wittlich worth stadtbuecherei zweibruecken
rmccanada	Royal Military College of Canada		college
rmcsj	Royal Military College Saint-Jean	Canada	college
rmit	Royal Melbourne Institute of Technology (RMIT)	Australia	college
rml	Rancho Mirage Public Library		public	observatory
roberts	Roberts Wesleyan College & Northeastern Seminary	USA	college
robleyrex	Robley Rex VA Medical Center	USA	company
rochester	Rochester Public Library		public
rocket	Rocket Companies		company
roeuni	University of Roehampton London	United Kingdom	college
rohrbachlibrary	Kutztown University of Pennsylvania	USA	college
rokosservicesuk	Rokos Capital Management		company
rollins	Rollins College	USA	college
roscommonie	Roscommon County Library	Ireland	public
roundrock	Round Rock Public Library System	USA	public
royalart	Royal College of Art	United Kingdom	college
royaldevon	Royal Devon University Healthcare NHS Foundation Trust		company	nddh
royalroadsae	Royal Roads University- UAE	United Arab Emirates	college	rak
rpidrs	Religionspädagogische Institute der Diözese Rottenburg-Stuttgart	Germany	college
rpl	Rapides Parish Library		public	boyce hineston mcdonald johnson libuse martin luther king robertson westside
rpls	Rolling Prairie Digital Consortium	IL, USA	public	allerton argenta oreana assumption athens atwood hammond barclay blue mound carbondale casey caseyville chatham crab orchard alton edward chipman effingham elizabeth titus elkhart evansville flora forsyth highwood hillsboro hope welty lawrence lincoln litchfield loda lovington mahomet marion carnegie maroa mascoutah mason mattoon millstadt mississippi valley collinsville fairmont pulaski zion new baden newton chicago olney paw petersburg riverton robinson rochester roxana shelbyville sherman six mile macon elmo beecher brownstown stinson stockton sun river terrace taylorville thornton tri vespasian warner wallace sangamon william leonard williamsville windsor storm wood worden
rsaa	The Royal Society for Asian Affairs	United Kingdom	company	rsaa
rscc	Roane State Community College	USA	college
rsmuk	RSM UK		company
rsulibraries	Rogers State University	USA	college
rtrlnsw	Richmond Tweed Regional Library	Australia	public	alstonville ballina brunswick heads byron bay goonellabah kingscliff lennox head lirary lismore mullumbimby murwillumbah
russellsage	Russell Sage College		college
rutlanduk	Rutland Library Service		public	ketton oakham ryhall uppingham
rvl	Roanoke Valley Libraries	USA	public	alleghany bedford botetourt blue ridge buchanan eagle rock fincastle salem craig belmont gainsboro melrose raleigh court williamson road bent mountain glenvar hollins pleasant vinton
rwjf	The Robert Wood Johnson Foundation		company
ryde	City of Ryde Libraries	Australia	public	eastwood gladesville
s-h	Bibliotheken SH	Germany	public	arno surminski gemeindebucherei gemeinde trittau bucherei kropp sorup tarp deutsche zentralbucherei apenrade fahrbucherei ahrensbok altenholz boostedt bordesholm buchen busum ellerau flintbek gettorf gross gronau grosshansdorf halstenbek harrislee heikendorf helgoland hohenlockstedt kronshagen laboe leck lensahn nahe itzstedt rellingen satrup schacht audorf scharbeutz schonberg schonkirchen peter ording stockelsdorf suderbrarup timmendorfer strand trappenkamp und mediothek henstedt ulzburg wentorf kreisbibliothek eutin oldenburg holstein schulzentrum eps fls stadt schulucherei lauenburg stadtbibliothek bad oldesloe flensburg husum itzehoe lubeck reinbek artothek bargteheide stadtbucherei ahrensburg bramstedt alte schule schwartau segeberg barmstedt bredstedt brunsbuttel budelsdorf eckernforde elmshorn fehmarn friedrichstadt geesthacht glinde marcellin verbe haus glucksburg gluckstadt heiligenhafen rathaus kaltenkirchen kappeln kellinghusen kiel lutjenburg marne meldorf molln neumunster neustadt niebull norderstedt nortorf pinneberg plon preetz quickborn ratzeburg rendsburg kulturzentrum schenefeld schleswig schwarzenbek schwentinental tonning tornesch uetersen wahlstedt wedel wesselburen wyk auf fohr stadtbuecherei heide stadtische reinfeld sylt bibliothek
sabah	Sabah State Library	Malaysia	public
saclibrary	Sacramento Public Library		public	arcade arden dimick belle cooledge carmichael colonial heights courtland del paso elk grove ella mcclatchy fair oaks franklin galt marian lawrence isleton martin luther king mckinley highlands natomas hagginwood orangevale rancho cordova rio linda robbie waters pocket greenhaven southgate sylvan valley laguna walnut
sacredheart	Sacred Heart University	USA	college
sails	SAILS Library Network	USA	public	acushnet ames easton attleboro berkley blanding rehoboth boyden foxborough bridgewater carver our lady elms dartmouth southworth dighton elizabeth taber marion fall river fiske wrentham hanson hathaway assonet holmes halifax james white freetown joseph plumb rochester lakeville longy music mansfield massachusetts art design liberal arts mattapoisett middleborough middlesex millicent fairhaven new bedford casa saudade howland green lawler wilks norfolk northern essex norton schools pembroke phinehas newton plainville plympton raynham richards seekonk somerset swansea taunton lowell wareham westport worcester state worthington
saintanselm	Saint Anselm College	USA	college	geisel
sakuradigital-library	Sakura City Library	Japan	public
salb	South African Library for the Blind	South Africa	company	africa
salforduk	Salford Libraries	United Kingdom	public	boothstown broughton cadishead clifton eccles height irlam little hulton lower kersal ordsall pendelton swinton walkden winton worsley
salinaspubliclibrary	Salinas Public Library	USA	public	cesar chavez gabilan john steinbeck
salon	Southern Adirondack Library System	USA	public	argyle ballston spa bancroft salem bolton caldwell lake george cambridge clifton park halfmoon corinth crandall cvw long easton edward galway greenwich horicon hudson falls indian inlet pleasant mechanicville pember museum raquette richards rockwell round malta saratoga springs schuylerville stillwater stony creek chester johnsburg waterford whitehall
samepage	Same Page Libraries	Canada	public	annapolis valley cape breton colchester hants cumberland eastern counties pictou antigonish shore western
samishnation	Samish Indian Nation		company
sanantonio	San Antonio Public Library		public	bazan brook hollow carver cody collins garden cortez encino forest hills great northwest guerra igo johnston landa las palmas maverick mccreless mission pan american parman stone oak potranco pruitt roosevelt high pedro schaefer semmes comanche lookout park thousand oaks tobin oakwell westfall
sandiagov	Sandia National Laboratories		company
sandiegochristian	San Diego Christian College	USA	college
sandoval	Sandoval County Library Consortium		public	corrales irene sweetkind jemez springs placitas
sanfe	Santa Fe Public Library	USA	public	oliver farge southside
sanibel	Sanibel Public Library		public
sanjo-digital-lib	Sanjo City Library	Japan	public
sanjose	San Jose Public Library		public	almaden alviso bascom berryessa biblioteca latinoamericana calabazas cambrian martin luther king roberto cruz alum rock carnegie edenvale brance educational park evergreen hillview joyce ellington pleasant neighborhood pearl avenue rose garden santa teresa seven trees tully square vineland valley willow glen
sanleandrolibrary	San Leandro Public Library		public	manor mulford marina
santaanapubliclibrary	Santa Ana Public Library		public	newhope learning
santabarbara	Santa Barbara Public Library	USA	public	eastside montecito
santaclara	Santa Clara County Library		public	campbell cupertino gilroy los altos milpitas morgan hill support saratoga woodland
santaclarita	City of Santa Clarita Public Library	USA	public	canyon country anne darcy newhall valencia
santamonica	Santa Monica Public Library	USA	public	fairview montana avenue ocean park pico
santarosa	Santa Rosa County Library System	USA	public	gulf breeze jay milton navarre pace
sapl	St. Albert Public Library	Canada	public
sapln	South Australian Public Library Network	Australia	public	adelaide rundle place hutt street tynte hills council stirling gumeracha woodside plains mallala two wells alexandrina goolwa milang depot compass elliot strathalbyn andamooka barossa angaston lyndoch pleasant nuriootpa tanunda berri barmera burnside campbelltown charles sturt civic woodville findon henley hindmarsh lakes clare gilbert valleys auburn riverton high saddleworth coorong coomandook meningie tailem bend tintinara coonalpyn barunga port broughton ceduna cleve coober pedy copper coast kadina toy moonta wallaroo elliston lock franklin harbour cowell grant macdonnell mary lattin karoonda murray kimba lower eyre peninsula cummins orroroo carrieton streaky bay tumby flinders gladstone gawler evanston gardens hamley bridge general store holdfast brighton glenelg history kangaroo island kingscote penneshaw kingston leigh creek light freeling greenock kapunda loxton waikerie marion cove hallett park holme mid blanchetown cambrai mannum morgan swan reach mitcham blackwood barker gambier naracoorte lucindale northern areas jamestown norwood payneham peters onkaparinga aldinga hub aberfoyle noarlunga seaford willunga woodcroft peterborough playford elizabeth
sasinstitute	SAS Institute Inc.		company
saskatchewan	Saskatchewan Library Consortium	Canada	public	chinook lakeland region lloydminster pahkisimon nuye palliser parkland prince albert regina saskatoon southeast wapiti candle lake wheatland
saverylibrary	Talladega College	USA	college
saxtonblittle	Saxton B. Little Free Library		public
sbcldigital	San Bernardino County Library	USA	public	adelanto baker family learning barstow big bear lake bloomington cal aero preserve academy carter cesar chavez middle chino hills crestline fontana lewis technology grand terrace hesperia highland sam racadio environmental janice horst lucerne valley joshua tree kaiser arrowhead loma linda mentone senior montclair needles newton bass apple phelan rialto running springs serrano summit trona twentynine palms wrightwood yucaipa yucca
sbpl	San Bernardino Public Library		public	dorothy inghram howard rowe norman feldheym paul villasenor
scarborough	Scarborough Public Library		public
scdl	Southern California Digital Library	CA, USA	public	smiley arcadia unified azusa banning coalinga huron covina crowell segundo glendora inyo big pine bishop furnace creek lone tecopa irwindale mission viejo monrovia monterey park bruggemeyer mulcahy middle newport beach balboa corona del mar mariners placentia porterville margaret slattery childrens santa springs nieto shafter learning sierra madre signal hill pasadena tulare upland
scenicregional	Scenic Regional Library		public	hermann new haven owensville pacific clair sullivan union warrenton wright
schlibrary242	Sir Charles Hayward Library		public
schwabinfocenter	Charles Schwab & Co.		company	info
scl	Sunshine Coast Libraries	Australia	public	beerwah caloundra coolum kawana kenilworth maleny maroochydore nambour
scld	Spokane County Library District		public	airway heights argonne cheney deer park fairfield medical lake moran prairie otis orchards valley
sclibrary	Strathcona County Library	Canada	public	saskatchewan
scottishgov	Scottish Government Library & Information Service		company
scpl	Schenectady County Public Library		public	glenville mont pleasant niskayuna phyllis bornt quaker street rotterdam scotia woodlawn
scw	Sun City West - R. H. Johnson Library		public
sdcl	San Diego County Library		public	ranch alpine bonita sunnyside borrego springs campo morena cardiff sea casa oro crest del mar descanso cajon encinitas fallbrook fletcher hills imperial beach jacumba julian mesa lakeside lemon grove lincoln acres pine valley potrero poway ramona rancho santa digital media marcos santee solana spring vista
sdprevention	South Dakota Prevention Resource Centers	USA	company
sdrcqld	Southern Downs Regional Council		public
sdsmt	South Dakota School of Mines and Technology	USA	college
seadl	Southeast Alabama Digital Library	USA	public	blanche solomon dothan houston enterprise eufaula carnegie hartford mcgregor mckinney opelika
seafarerslibrary	The Seafarer's Library	Denmark	company
seagirtnj	Sea Girt Public Library		public
seatofwisdom	Our Lady Seat of Wisdom College	Canada	college
secretservice	United States Secret Service		company
sedigitallibraries	South East Digital Libraries	Australia	public	kiama gerringong shoalhaven milton nowra sanctuary point ulladulla snowy monaro wollongong
sefl-municipal	Southeast Florida Library Association	USA	public	boynton beach brockway delray highland turner moore manalapan lake park lantana lighthouse point miami palm oakland springs richard sullivan riviera society four arts king
segurossura	SURA		company
sejong	National Library of Korea - Sejong		public
sekicity	Seki City Library	Japan	public
selco	Southeastern Libraries Cooperating	MN, USA	public	albert lea austin brownsdale caledonia cannon falls chatfield dodge faribault buckham grand meadow harmony hokah houston kasson kenyon lacrescent lake lanesboro leroy lonsdale mabel northfield owatonna blooming prairie pine island plainview preston red wing rushford selco spring grove valley charles stewartville wabasha concord winona zumbrota
sellersdorsey	Sellers Dorsey and Associates		company
semcofl	Seminole County Public Library System	USA	public	jean rhein northwest
seminolestate	Seminole State College of Florida	USA	college
senecalibraries	Seneca District Libraries		public	barbara moscato brown bradford friends hamlin johnsonburg marienville jewett ridgway smith sarah stewart bovard digital sheffield marys sugar grove tidioute warren association wilcox youngsville
senlib	Seoul Metropolitan Office of Education Digital Library	South Korea	public
senmc	Southeast New Mexico College	USA	college
seocholib	Seocho Library	South Korea	public
seoullib	Seoul Metropolitan Library	South Korea	public
sequoyah	Sequoyah Regional Library System		public	ball ground gilmer hickory flat pickens jones rose creek woodstock
serra	Serra Cooperative Library System	CA, USA	public	brawley camarena carnegie technology carlsbad georgina cole learning chula vista otay ranch coronado centro escondido imperial calipatria heber holtville niland salton seeley westmorland winterhaven national oceanside literacy mission
seynatlib	Seychelles National Library		public
sfasu	Stephen F Austin State University	USA	college	steen
sfcollege	Santa Fe College	USA	college
sfpl	San Francisco Public Library		public	anza bayview bernal heights chinatown eureka valley excelsior glen park golden gate ingleside marina merced mission bay noe beach ocean view ortega parkside portola portrero presidio richmond sunset visitacion portal western addition
sgch	Kantonsbibliothek StGallen	Switzerland	public
sh	Shanghai Library (上海图书馆)		public
shalom	Temple Rodef Shalom		company
sharjah	Sharjah Public Library	United Arab Emirates	public
sheffield	University of Sheffield	United Kingdom	college
sheffieldcollegelrc	The Sheffield College	United Kingdom	college
sheffielduk	Sheffield Libraries		public
sheppardnc	Sheppard Memorial Library		public	blount carver winterville
shetlanduk	Shetland Library	United Kingdom	public
shinshu-kyodo-library	Digi Tosho Shinshu		public
shioya-town-lib	Shioya Town Library	Japan	public
shorelinknsw	Shorelink Library Network		public	lane cove mosman stanton
shortercollege	Shorter College		college
shortgrass	Shortgrass Library System	Canada	public	alcoma bassano bow island brooks duchess foremost gem jubilee graham irvine medicine hat redcliff rolling hills rosemary tilley
showavill	Showa Village Community Center Library		public
shure	Shure Incorporated		company	incoporated
silverstarcoop	Nevada Library Cooperative	USA	public	amargosa valley beatty carson churchill esmeralda fish lake goldfield silver peak humboldt denio mcdermitt lincoln alamo caliente lyon dayton fernley stage smith mineral mina lunig mybrary carlin crescent elko eureka jackpot tuscarora wells wendover pahrump pershing storey tonopah white pine
simonsrock	Bard College at Simon's Rock		college
sinaihealth	Sinai Health		company	hennick bridgepoint hospital
siouxlndsd	Siouxland Libraries	USA	public
sir	Yayasan Bank Rakyat	Malaysia	company
siskiyous	College of the Siskiyous	USA	college
sjc	St James' Church, Singapore		company
sjcpl	St. Joseph County Public Library		public	german lakeville lasalle liberty river park roger francis virginia tutt western
sjcpls	St. Johns County Public Library		public	anastasia island bartram trail hastings ponte vedra beach southeast
sjplatsjc	SJPL at SJC		public
sjrlc	South Jersey Regional Library Cooperative	NJ, USA	public	atlantic audubon bridgeton burlington camden cape may lower sea isle stone harbor upper wildwood crest woodbine collingswood cumberland deptford elmer franklin monroe gill gloucester gibbstown glassboro logan swedesboro haddon heights haddonfield linwood margaret heggan margate marie fleche mccowan millville moorestown laurel otto bruyns pennsauken pennsville runnemede salem stratford avalon ocean vineland washington waterford wenonah westville willingboro woodbury woodstown pilesgrove
sjrstate	St. Johns River State College		college
skepsislegal	Skepsis Legal Solutions PLLC		company
skidmore	Skidmore College		college
skokielibrary	Skokie Public Library		public
skyboxlabs	SkyBox Labs		company
skylinecollege	Skyline College		college
slc	Suburban Library Cooperative	USA	public	armada line eastpointe fraser harper woods harrison lenox lois wagner macdonald clemens ray romeo roseville shelby clair shores utica
slcl	St. Louis County Library		public	bridgeton trails clark family cliff cave daniel boone eureka hills florissant valley grand glaize grants view jamestown bluffs lewis meramec mid natural bridge oak bend parkview prarie commons rock road samuel sachs thornhill weber
slco	Salt Lake County Library Services		public	ruth vine tyler alta reading room bingham creek daybreak draper granite herriman holladay hunter kearns magna millcreek riverton sandy jordan taylorsville valley whitmore
slcpl	Salt Lake City Public Library		public	anderson foothill chapman corinne jack sweet day riverside glendale marmalade sprague
sligocountyie	Sligo County Council	Ireland	public
slolibrary	County of San Luis Obispo Public Libraries		public	arroyo grande atascadero cambria cayucos cslopl creston los osos morro bay nipomo oceano miguel santa margarita shandon shell beach
slpl	St. Louis Public Library		public	baden barr buder cabanne carondelet carpenter charing cross divoll julia davis kingshighway machacek marketplace schlafly walnut park
smcvt	Saint Michael's College	USA	college
smdl	Southwest Michigan Digital Library	USA	public	allegan augusta ross mckay benton harbor berrien springs bridgman buchanan cass edwardsburg howard local history mason union coloma comstock dowagiac eau claire galesburg charleston galien gun lake tribe hartford wheeler lawrence lawton lincoln marcellus new buffalo niles otsego parchment paw ransom richland sodus haven joseph maud preston palenske sturgis three oaks rivers van buren antwerp sunshine bangor bloomingdale covert gobles webster decatur vicksburg watervliet
smsa	Sydney Mechanics' School of Arts	Australia	public	smsa
snhu	Southern New Hampshire University	USA	college	snhu shapiro
sno-isle	Sno-Isle Libraries		public	arlington brier camano island clinton coupeville darrington edmonds freeland granite falls lake stevens lakewood smokey point langley lynnwood mariner marysville mill creek monroe mountlake terrace mukilteo oak harbor snohomish stanwood sultan
snowedu	Snow College		college
societeradiocanada	Societe Radio-Canada		company
socoe	SOCOE - Special Operations Center of Excellence (USAJFKSWCS)		company	2swtg 2nd warfare training group
soest	Stadtbücherei Soest	Germany	public
solano	Solano County Library		public	dixon fairfield civic cordelia rio vista suisun vacaville cultural square vallejo john kennedy springstowne
solanocc	Solano Community College	USA	college
solna	Solna Stadsbibliotek		public
somerset	Somerset County Library System of New Jersey	USA	public	bound brook bridgewater hillsborough manville mary jacobs plainfield peapack gladstone somerville warren watchung
somersetcc	Somerset Community College	USA	college
soneva	Soneva		company
sonoma	Sonoma County Library	CA, USA	public	lake lakeport middletown redbud upper mendocino coast point arena bragg laytonville round valley ukiah willits santa rosa cloverdale forestville guerneville healdsburg northwest occidental petaluma rincon rohnert cotati roseland sebastopol windsor
soton	University of Southampton	United Kingdom	college
south-ayrshire	South Ayrshire Libraries	United Kingdom	public	alloway ballantrae carnegie cybercentre forehill girvan john rodie maybole prestwick symington tarbolton troon marr educational resources
southdakota	South Dakota Digital Consortium	USA	public	brown alcester armour carnegie avon belle fourche bennett beresford bison bowdle britton brookings burke canton centerville clear lake cozard dell rapids dewey doland dorothee pike elk point jefferson elkton emil larson evelyn lang faith faulk freeman grant gregory haakon hand harrisburg hazel meyer hill hot springs howard hudson hurley huron irene jackson lee aberdeen kathryn schulkoski kimball andes lemmon lennox beebe madison menno mitchell moody resource newell sioux northwest parker parkston phoebe apperson hearst platte potter presho rawlins redfield scotland sisseton sully tea tripp colome grossenburg tyndall vermillion viborg wage wagner watertown waubay webster wessington white wilmot yankton
southdublinie	South Dublin Libraries	Ireland	public
southeasterncc	Southeastern Community College		college
southeasternok	Southeast Oklahoma Library System	USA	public	arkoma broken bow coalgate coal hartshorne heavener hugo choctaw idabel mcalester poteau buckley spiro stigler talihina valliant mattie terry wilburton latimer wister
southendonseauk	Southend-on-Sea Libraries		public	kent elms leigh shoeburyness southchurch westcliff
southernaku	Southern Arkansas University Main Campus	USA	college
southisland	South Island	New Zealand	public	ashburton buller reefton otago queenstown lakes alexandra clyde cromwell maniototo millers flat omakau roxburgh clutha balclutha lawrence milton owaka tapanui gore greymouth hurunui kaikoura mackenzie marlborough mataura nelson elma turner online nightingale research stoke arrowtown glenorchy hawea kingston makarora wanaka runanga southland lumsden nightcaps otautau riverton stewart anau waiau winton wyndham tasman motueka noninga kumu murchison richmond takaka timaru waimakariri kaiapoi oxford rangiora westland
southtexas	South Texas Library System	USA	public	aransas bailey dunlap bell whittington calhoun point comfort port oconnor seadrift carl mary welhausen cuero dennis donna hazel richmond ethel whipple friench simpson goliad harlingen jackson joe barnhart bee laguna vista live oak mayor sanchez nueces bishop keach family isabel rio grande hondo robert lee brothers san benito starbase taft victoria virgil josephine gordon william bill ellis yorktown
southtexascollege	South Texas College	USA	college
southtyneside	South Tyneside Libraries	United Kingdom	public
southwestfl	Southwest Florida Library Network	USA	public	desoto hendry clewiston harlem labelle sanibel swfln
sovalue	Southern Virginia Libraries United Electronically	USA	public	appomattox burrowsville carson depot dinwiddie disputanta hopewell mckenney rohoic blackwater carrollton claremont courtland franklin smithfield surry wakefield waverly windsor caroline charlotte cumberland danville eastern shore essex fluvanna gloucester halifax boston heritage james hamner king queen william smoot mathews mecklenburg boydton headquarters butler clarksville arnold meherrin middlesex northumberland nottoway petersburg richmond
sp	Singapore Polytechnic	Singapore	college
sparrowscollege	Sparrows College		college
spartanburglibraries	Spartanburg County Public Libraries		public	boiling springs chesnee cowpens cyrill westside inman landrum middle tyger pacolet woodruff
spl	Seattle Public Library		public	ballard beacon hill books unbanned card access broadview capitol chinatown columbia delridge douglass truth fremont green lake greenwood high point madrona sally goldmark magnolia montlake newholly northgate queen anne rainier beach park southwest wallingford
spokanelibrary	Spokane Public Library		public	hillyard indian trail liberty park shadle hill
springfield	Springfield-Greene County Library		public	ash grove brentwood fair midtown carnegie park republic strafford station willard
sqcc	Sultan Qaboos Cultural Center		company
srjc	Santa Rosa Junior College	USA	college	srjc
srlsinfo	Sandhill Regional Library System		public	aberdeen allen currie hamlet hampton hoke kemp sugg montgomery moore gilead page pinebluff richmond robbins star vass
srnl-library	Battelle Savannah River Alliance	USA	company
srtafe	South Regional TAFE		college
ssg-wsg	Skills & Workforce Development Agency		company
ssjcpl	Stockton-San Joaquin County Public Library		public	arnold rue cesar chavez escalon fair oaks lathrop linden manteca maya angelou mountain house ripon stribley thornton tracy troke ursula meyer weston ranch
ssllib	Songshan Lake Library		public
sst	Shanghai Children's Library (上海少年儿童图书馆)		public
ssw	Seminary of the Southwest	USA	college
stackoverflow	Stack Overflow		company
stadtbibliothek-graz	Stadtbibliothek Graz	Austria	public
stadtbibliothek-leipzig	Leipziger Stadtbibliothek	Germany	public
stadtbibliotheksalzburg	Stadtbibliothek Salzburg	Germany	public
stadtbuechereistp	Stadtbibliothek St. Pölten	Germany	public
stamford	The Ferguson Library		public	harry bennett end weed hollander stamford schools
standardbankza	Standard Bank Group Limited		company
standrews	University of St Andrews		college
stanford	Stanford University	USA	college	gsb
stanfordchildrens	Stanford Medicine Children's Health		company
stanislauslibrary	Stanislaus County Library		public	ceres denair empire grayson hughson keyes newman oakdale patterson riverbank salida turlock waterford
starfinancial	STAR Financial Bank		company
startingpoint	Starting Point		company
statcan	Statistics Canada	Canada	company	statistique
state	U.S. Department of State	USA	company	ralph bunche
staterbros	Stater Bros. Markets		company
stavanger	Sølvberget bibliotek og kulturhus	Norway	public	stavanger finn madla rennes
stcharles	St. Charles City-County Library District		public	boones trail corporate parkway deer run kathryn linnemann kisker road express discovery winghaven mcclay middendorf kredell spencer administration
stclaircounty	St. Clair County Library System		public	algonac clay burtchville capac lynn campbell ira marine marysville memphis port huron yale
stedwards	St. Edward's University	USA	college
stellaralgo	StellarAlgo		company	stellar algo
stetson	Stetson University		college
stirlinguk	Stirling Libraries	United Kingdom	public	balfron bannockburn bridge allan callander cambusbarron cowie doune drymen dunblane fallin killin plean raploch xpress ninians strathblane
stjohnslaw	St. John’s University School of Law	USA	college
stkate	St. Catherine University		college
stls	Southern Tier Library System		public	addison alfred box books almond 20th century club andover angelica arkport avoca belfast belmont literary historical society big flats bolivar cohocton colonial cuba circulating association david howe dormann dundee dutton peterson cottrell elizabeth pert reading essential fred harriett taylor friendship genesee greenwood hornell horseheads howard jasper mabel blodgett middlesex modeste bedient montour falls penn yan prattsburg pulteney rushford savona scio southeast steuben steele van etten watkins glen wayland elmira whitesville wide awake wimodaughsian
stlucieco	St. Lucie County Library System	USA	public	lakewood park morningside port zora neale hurston
stlukeshealth	St. Luke's Health System		company
stockton	Stockton University		college
stokeontrentuk	Stoke-on-Trent Libraries		public
stonington	Stonington Free Library		public
straffordnh-gtl	Strafford County Correctional		company
strangnas	Strängnäs bibliotek	Sweden	public
stratford	Stratford Library Association	CT, USA	public
stscholastica	The College of Saint Scholastica		college
sttammany	St. Tammany Parish Library	USA	public	abita springs bush causeway covington folsom lacombe lee road mandeville pearl river slidell
stuttgart	Stadtbibliothek Stuttgart	Germany	public
suffolklibraries	Suffolk Community Libraries	United Kingdom	public
suffolkva	Suffolk Public Library System	USA	public
sumclibrary	Shandon United Methodist Church		company
sumitomo-corporation-labor-union	Sumitomo Corporation Labour Union		company
sundbyberg	Bibliotek Sundbyberg	Sweden	public
sunflowerelibrary	Sunflower eLibrary	KS, USA	public	abilene agra lee doctor almena andover arkansas atchison atwood augusta axtell barnard basehor belle plaine belleville bird bison blue rapids bonner springs bradford burlingame burns burr oak carbondale cawker kansas chapman cherryvale cimarron ensign ingalls clay carnegie clearwater coffey burlington gridley lebo leroy new strawn waverly coffeyville cottonwood falls burnley council grove courtland delphos derby dodge doniphan elwood highland wathena dorothy bramlage douglass downs dwight ellinwood ellis emporia enterprise florence formoso scott fowler frank carlson frankfort fredonia frontenac garnett glasco glen elder goddard goessel goodland graham grainfield great bend gypsum halstead hanover hartford elmendaro hays haysville herington hesston hiawatha morrill hillcrest hillsboro hoisington hope horton ida long goodman independence independent iola robbins jamestown jay johnson jennings jewell jordaan kanopolis kearny kensington usd110 kingman kiowa haviland mullinville kirwin lang lansing leavenworth lebanon lenora leonardville liberal lincoln lindsborg linwood logan island lucas luray lyon manhattan mankato marion mary cotton marysville mccracken mcpherson
sunnyvale	Sunnyvale Public Library	USA	public
sunywcc	SUNY Westchester Community College	USA	college
surly	Student Union Recreational Library, SURLY MSA	USA	college
surreyca	Surrey Libraries	Canada	public	cloverdale fleetwood guildford newton ocean park port kells semiahmoo strawberry hill
surreycountyuk	Surrey Libraries		public	addlestone ash ashford ashtead bagshot banstead beare green hall bookham bramley byfleet camberley caterham hill valley chertsey cobham cranleigh dittons dorking egham epsom esher ewell court farnham frimley godalming guildford haslemere hersham horley horsley knaphill leatherhead lightwater lingfield merstham molesey new haw old woking link overton grange oxted redhill reeds reigate john baptist catholic comprehensive shepperton shere diamond jubilee staines stanwell stoneleigh sunbury history tattenhams virginia water walton warlingham weybridge
sussex	University of Sussex		college
sutherland	Sutherland Shire Council	Australia	public	bundeena caringbah cronulla engadine menai miranda sylvania
svlc	Southwest Valley Library Consortium	AZ, USA	public	buckeye paz bouse centennial indian hills parker quartzsite surprise tolleson
svld	Smoky Valley Library District		public	manhattan
swanseauk	Swansea Libraries		public
swarthmore	Swarthmore College Libraries	USA	college
swiss	EBOOKS SWITZERLAND	Switzerland	public	aargauer kantonsbibliothek bibliothek zug bibliotheken schaffhausen bibliotheksverband region luzern buecherbrugg stadt und berufsfachschulbibliothek bbz weinfelden nidwalden obwalden thurgau uri stiftung liechtensteinische landesbibliothek mediothek der kantonsschule romanshorn regionalbibliothek hochdorf sursee willisau schul gemeindebibliothek buttisholz stadtbibliothek baden dubendorf thun zentral hochschulbibliothek zentralbibliothek solothurn
swisseducation	Swiss Education Group		college	cesar ritz colleges
swosu	Southwestern Oklahoma State University	USA	college	swosu
swri	Southwest Research Institute		company
swtcc	Southwest Tennessee Community College	USA	college
swvapub	Southwest Virginia Public Libraries	USA	public	augusta churchville craigsville station deerfield middlebrook bland buchanan carroll charles ona franklin galax honaker jefferson madison crozet gordon greene louisa nelson northside scottsville lancaster montgomery floyd blacksburg christiansburg jessie peterman meadowbrook pearisburg poquoson portsmouth pulaski radford russell smyth chilhowie marion saltville staunton tazewell bluefield richlands washington damascus glade spring hayters gap mendota waynesboro westlake wythe grayson rural retreat fries whitetop
sxmlibrary	Sint Maarten Library		public
sz	Shenzhen Library (深圳图书馆)		public	baoan guangming nanshan
szlib	Suzhou Library (苏州图书馆)		public
tacoma	Tacoma Public Library		public	fern hill kobetich moore mottet swasey wheelock
tadl	Traverse Area District Library		public	bay fife lake interlochen kingsley peninsula woodmere
tafensw	TAFE NSW		college	albury annandale armidale rural skills ballina bankstown batemans bay clc bathurst baulkham hills bega belmont blacktown boggabilla bourke bradfield senior brewarrina broken hill kaolin street byron campbelltown campsie amep casino castle cessnock cobar coffs harbour education chec condobolin cooma coomealla coonabarabran coonamble corowa cowra design enmore dubbbo narromine road dubbo myall dunedoo eora finley forbes gilgandra glen innes glendale gosford goulburn grafton granville great lakes grenfell griffith gunnedah gymea hamilton hay haymarket marcus clark building hornsby ingleburn inverell jindabyne katoomba kempsey kingscliff kingswood kurri lake cargelligo leeton lidcombe lightning ridge lismore southern cross uni lithgow liverpool loftus macksville maclean macquarie fields maitland meadowbank menindee miller moree agricultural moruya moss vale druitt mudgee murwillumbah muswellbrook nambucca heads narrabri narrandera national environment newcastle hunter tighes nirimba quakers northern beaches brookvale nowra nyngan orange anson march ourimbah padstow parkes penrith petersham port primary industries queanbeyan quirindi randwick sydney dental hospital richmond ryde scone
tafeqld	TAFE Queensland	Australia	college
tafl	The Anglo Foundation Library	Mexico	public
taipei	Taipei Public Library	Taiwan	public
talc	TALC – Texas Academic Library Consortium	USA	college	kilgore lamar state orange lee letourneau tyler junior
tallinnaraamatukogud	Tallinn Libraries		public
tamaki-town-library	Tamaki Town Library	Japan	public
tamesideuk	Tameside Libraries	United Kingdom	public	ashton denton droylsden dukinfield hattersley hyde mossley stalybridge
tamus	Texas A&M University System Libraries	USA	college	tarleton state international texarkana
tanglinclub	Tanglin Club		company
tarrantccd	Tarrant County College District		college
tateyama-city	Tateyama Municipal Library	Japan	public
tbc-elibrary	Tallowood Baptist Church Library		company
tbcraleigh	Trinity Baptist Church - Raleigh		company
tbe	The Prentis Memorial Library of Temple Beth El		company
tblc	Tampa Bay Library Consortium	USA	public	avon park desoto glades hardee heartland cooperative hernando istachatta station spring hill indian rocks beach lake placid maitland mulberry new port richey okeechobee pasco centennial hudson hugh embry land lakes river regency holiday starkey ranch theatre cultural zephyrhills sebring state florida lakewood manatee venice
tbldc	Tarrant County Churches Digital Consortium		company	birchman baptist church first lakeside glenview richland hills wedgwood
tccl	Claremont Colleges Library	USA	college
tcmi	TCM International Institute		college
tcs	TCS Education System	USA	college	solution
tdem	TDEM - Texas Division of Emergency Management	USA	company
tds	Traverse des Sioux Library Cooperative	MN, USA	public	arlington sibley blue earth faribault headqtrs mankato lake crystal mapleton comfrey brown dyckman elmore gaylord gibbon hanska henderson martin fairmont sherburn trimont truman luther muir winnebago new ulm springfield peter nicollet waseca lesueur janesville lecenter montgomery richland waldorf waterville watonwan butterfield darfur james lewisville madelia wells winthrop
tecnologicocomfenalco	Fundación Universitaria Tecnológico de Comfenalco		college
telaviv	Israel Digital	Israel	public	achva academic adler arad arava ariel ashdod ashkelon media tek azor baqa gharbiya bat hefer yam tarbutek beer sheva municipality beit ariela dagan jann shemesh tali binyamina bnei shimon canada akko daliyat carmel dimona drom hasharon efrat eilat ein gedi shdemot elkana emek izrael yizrael eshkol yeda kol galil elion tahton gan rave yavne ganei tikva gderot gezer givat ada givatayim shmuel golan gush etzion alon shvut haifa department reali biram har hevron susya harish hatzor haglilit havayot rehovot heroes herzliya hevel eilot modiin hod hof nitzan holon network jerusalem jordan valley karmiel karnei shomron kedumim kfar saba tavor vradim yona kibbutz baram kiryat ata bialik ekron gat ono tivon kochav yair kotar rishon lehavim lod maalot mate asher binyamin mazkeret batya medatek nahariya megidoh meitar menashe merom hagalil mevoot hahermon misgav maccabim reut nesher ness ziona netanya nordia ofakim omer pardes hanna karkur pardesia petach katzrin raanana ramat hanegev
tells	TELLS Library	Australia	company
tempe	Tempe Public Library	USA	public
templeemanuel	Temple Emanuel		company
templesinai	Temple Sinai		company
templesinaidc	Temple Sinai Library		company
tenn-share	Tenn-Share Academic	USA	college	belmont chattanooga state johnson nashville southern adventist tennessee martin knoxville volunteer
tgclibrary	Tom Green County Library System	TX, USA	public
thedtl	The Digital Theological Library		company
thefhm	The Florida Holocaust Museum	USA	company
thegdl	Genesee District Library		public	burton clio fenton childrens flushing gaines baker park beecher vera rison davison winegarden flint mccarty forest station johnson valley goodrich grand blanc mcfarlen headquarters linden montrose jennings morris swartz creek perkins otisville forrest
thehills	The Hills Library Service	Australia	public	baulkham castle hill dural vinegar
thejointco	Joint Commission		company
thelosc	Libraries of Stevens County		public	chewelah colville hunters kettle falls lakeside loon lake northport
theshepherds	The Shepherd's Church		company
thetradedesk	The Trade Desk		company
thomasbnc	Casa Thomas Jefferson Binational Center		company
tibet	Tibet Library		public
ticketmaster	The Stacks at Ticketmaster		company
timberland	Timberland Regional Library		public	aberdeen administrative amanda park centralia chehalis elma hawks prairie hoodsport hoquiam ilwaco lacey mccleary montesano mountain view naselle mason oakville ocean olympia packwood raymond salkum shelton bend tenino tumwater westport winlock yelm
tjxca	TJX Canada		company
tkpark	Thailand Knowledge Park	Thailand	public
tlc	The Libraries Consortium	United Kingdom	public	all saints catholic barking dagenham gascoigne primary marks gate robert jeyes thames view valence bishop gilpin bond brent ealing road harlesden plus kilburn kingsbury willesden green bridge academy hackney clapton girls croydon ashburton coulsdon new addington norbury purley selsdon norwood thornton heath edmund waller enfield angel raynham bowes bullsmoor edmonton civic highway island fore street john jackson bush hill park millfield house oakwood palmers ponders end ridge avenue southgate circus winchmore greig grinling gibbons hackbridge dalston clr james homerton shoreditch stamford stoke newington woodberry down haggerston hall mead harris invictus harrow council havering collier row elm gidea harold wood hornchurch rainham romford upminster hilldene international london ball kingston hook chessington malden surbiton tolworth tudor drive upon laurel lewisham information hammersmith fulham haringey alexandra coombes croft highgate hornsey marcus garvey muswell anns stroud hounslow luton bury chaul access point farley hockwell ring leagrave lewsey marsh farm stopsley melbury merton colliers mitcham
tlkycsca	Tung Lin Kok Yuen, Canada Society	Canada	company
tln	Download Destination	MI, USA	public	addison allen park auburn hills bacon belleville berkley brighton chelsea clarkston independence clawson blair commerce dearborn heights caroline kennedy john dexter ecorse ferndale flat rock fowlerville franklin garden hamburg hamtramck hartland cromaine hazel highland holly huntington woods inkster leanna hicks lincoln livonia civic lyon madison manchester melvindale milford northfield northville novi oak oxford pontiac redford river rouge riverview romulus royal salem saline southgate veterans springfield taylor network trenton walled lake waterford wayne westland white wixom ypsilanti michigan avenue superior
tmeic	TMEIC		company
tnstate	Tennessee State University	USA	college
tocc	Tohono O'odham Community College		college	oohana
tochigi	Tochigi City Library	Japan	public
tokyo-kitacity-lib	City of Kita Library	Japan	public
tokyoamericanclub	Tokyo American Club	Australia	company
toledo	Toledo Lucas County Public Library		public	birmingham heatherdowns holland kent king road lagrange locke tlcpl maumee mott oregon point place reynolds corners sanger sylvania heights washington waterville
tolibrary	Thousand Oaks Library		public	grant brimhall newbury park
toowoombaqld	Toowoomba Region Libraries	Australia	public	cecil plains clifton crows nest john french goombungee highfields millmerran oakey pittsworth quinalow yarraman
torfaenuk	Torfaen County Borough Library		public
toronto	Toronto Public Library	Canada	public	agincourt albert campbell albion alderwood amesbury park annette armour heights barbara frum beaches bendale black creek bloor gladstone brentwood bridlewood brookbanks burrows hall cedarbrae centennial cliffcrest shaw danforth coxwell daniel hill davenport dawes road deer digital access cards don mills downsview dufferin clair eatonville eglinton square elmbrook ethennonnhawahstihnen evelyn gregory fairview flemingdon forest york gerrard ashdale goldhawk guildwood high highland hillcrest humber bay summit humberwood jane sheppard jones junction triangle kennedy leaside lillian smith locke long street malvern maria shchuka maryvale mcgregor mimico morningside dennis pleasant new northern elms oakwood palmerston pape parkdale parliament view port union queen saulter rexdale richview riverdale runnymede walter stewart sanderson scarborough civic spadina silverthorn james lawrence steeles sunnybrook hospital swansea taylor thorncliffe todmorden room reference victoria weston woodside woodview wychwood woods yorkville
torrance	Torrance Public Library	USA	public	retiro henderson southeast walteria
townandcountry	Town and Country Club		company
townsvilleqld	Townsville Library Service	Australia	public
trac	TRAC Consortium	Canada	public	acadia acme airdrie alberta beach alder flats buck lake alice donahue archives melnyk andrew anne chorney ashmont banff barrhead bear point beaumont bibliotheque beaverlodge beiseker berry creek berwyn isidore bighorn blue ridge bon accord bonanza bonnyville boyle bragg satellite breton brownvale calling calmar canmore carbon carseland chauvin chestermere cochrane cold consort crossfield darwell debolt delia devon dixonville drayton valley drumheller duffield eaglesham edgerton edmonton garrison edson elizabeth metis settlement elk elmworth empress entwistle evansburg fairview falher dentinger fishing flatbush assiniboine fox gibbons gleichen society glendon grande cache prairie grassland grimshaw hanna high level river hines hinton holden hussar hythe innisfree irma irricana jarvie jasper keephills keg kinuso kitscoty glace lamont langdon leduc legal linden longview frose mallaig manning mannville centennial marigold marwayne mayerthorpe mclennan mcpherson menno simons metro kalyn millarville millet morinville morrin mundare myrnam nampa neerlandia new sarepta newbrook niton northern lights okotoks onoway oyen paddle peace pigeon plamondon
tradoc	TRADOC Headquarters Library		company
traffordgb	Trafford Libraries		public	altrincham coppice avenue hale old limelight partington wellbeing sale stretford timperley hall urmston woodsend
traphenehickmanlibrary	Traphene Hickman Library		public
tricountycc	Tri-County Community College	USA	college
trinity	St Francis College	Australia	college
trinitylibrary	Trinity Washington University	USA	college
triparish	Tri-Parish E-Library	LA, USA	public	bayou pigeon sorrel iberville grosse tete innis julian poydras livonia maringouin morganza pointe coupee rosedale baton rouge white castle
trondelag	Trøndelag	Norway	public	trondelag
troyedu	Troy University	USA	college
truist	Truist		company
tsc	Texas Southmost College	USA	college
tscpl	Topeka and Shawnee County Public Library		public
tstclib	Texas State Technical College	USA	college
tsuyama-area	Tsuyama Area Digital Library	Japan	public	kumenan shoo nagi misaki kagamino
ttdc-etosyo	Toyota Technical Development Corporation		company
tularecounty	Tulare County Library		public	alpaugh dinuba earlimart exeter ivanhoe lindsay london orosi cutler pixley springville strathmore terra bella three rivers tipton visalia woodlake
tulsa	Tulsa City-County Library		public	bixby broken arrow brookside charles page collinsville genealogy glenpool hardesty helmerich herman kate kaiser jenks judy kishner kendall whittier martin maxwell park nathan hale owasso pratt rudisill ruth hardman adult literacy schusterman benson skiatook suburban acres zarrow
tulsacc	Tulsa Community College	USA	college
tuscaloosa	Tuscaloosa Public Library		public	brown gateway weaver bolden
tvcc	Trinity Valley Community College	USA	college
twu	Texas Woman's University	USA	college	blagg huey
twuca	Trinity Western University		college
txstate	Texas State University-San Marcos	USA	college
uai	Universidad Adolfo Ibañez	Chile	college
uakron	University of Akron		college
uan	Universidad Antonio Nariño	Colombia	college
uaptc	University of Arkansas - Pulaski Technical College	USA	college
uarkansas	University of Arkansas	USA	college
uberfreight	Uber Freight		company
ubt	Universal Business Team (UBT)		company
ucasslib	University of Chinese Academy of Social Sciences Library		college
ucb	University of California Berkeley	USA	college
ucenfotec	Universidad Cenfotec		college
ucirvinemain	University of California Irvine	USA	college
ucla	University of California-Los Angeles	USA	college	ucla
ucmmo	University of Central Missouri	USA	college
ucn	University College of the North	Canada	college
ucny	The University Club of New York		company
ucr	University of California, Riverside	USA	college
ucsflibrary	University of California-San Francisco	USA	college
ucwv	University of Charleston	USA	college	schoenbaum
udea	Universidad De Antioquia	Colombia	college
udel	University of Delaware	USA	college
ugc	Universidad La Gran Colombia	Colombia	college
uherts	University of Hertfordshire		college
uhhospitals	University Hospitals		company
uhls	Upper Hudson Library System		public	albany delaware arbor hill howe john bach pine hills altamont arvilla diver schaghticoke berlin berne bethlehem brunswick castleton cheney hoosick falls cohoes greenbush grafton guilderland menands nassau petersburgh poestenkill rcs rensselaer rensselaerville sand lake stephentown troy valley voorheesville watervliet westerlo william sanford colonie
uhmanoa	University of Hawaii at Manoa	USA	college
uhnpatient	University Health Network		company
uis	Universidad Industrial de Santander	Colombia	college
uisedu	University of Illinois at Springfield	USA	college
uj	University of Johannesburg	South Africa	college
ujicity-library	Uji City Library	Japan	public
ukparliament	UK Parliament	United Kingdom	company
ulaverne	University of La Verne	USA	college
ulincoln	University of Lincoln	United Kingdom	college
umanchester	The University of Manchester	United Kingdom	college
umass	University of Massachusetts Amherst	USA	college
umich	University of Michigan	USA	college
umng	Universidad Militar	Colombia	college	unimilitar
umpqua	Umpqua Community College	USA	college
una	University of North Alabama	USA	college
unav	Universidad de Navarra	USA	college
unco	University of Northern Colorado	USA	college
uniandes	Universidad de los Andes	Colombia	college
uniedinburgh	University of Edinburgh	United Kingdom	college
unily	Unily Group Limited		company
unimelb	University of Melbourne Student Union	Australia	college	rowden white
uninorteco	Universidad del Norte		college
unioncounty	Union County Library	USA	public	lois morgan edwards southwest
unionleaguephl	Union League of Philadelphia		company	unionleaguephl
unipacifico	Universidad del Pacifico		college
unisabana	Universidad de la Sabana	Colombia	college
unisalle	Universidad de la Salle		college
unisimon	Universidad Simón Bolívar	Colombia	college
universitylaw	The University of Law		college
universityofminnesota	University of Minnesota	USA	college
universityvt	University of Vermont	USA	college	david howe
unm	University of New Mexico Health Sciences Library	USA	college
unswedu	UNSW Library	Australia	college
uofiowa	University of Iowa	USA	college
uofmiami	University of Miami Libraries	USA	college
uofnkona	University of the Nations		college
uofu	University of Utah Libraries	USA	college
uoh	Universidad de O'Higgins		college
uol	University of Leeds	United Kingdom	college
upb	Universidad Pontificia Bolivariana		college
upenn	University of Pennsylvania	USA	college	law
upnorth	Up North Digital Collection	MI, USA	public	alcona caledonia curtis lincoln mikado alden barryton beaver island bellaire benzie shores benzonia betsie valley big rapids boyne cadillac wexford buckley manton mesick tustin lake charlevoix chase cheboygan crooked tree falls darcy beulah evart glen harbor springs hart indian river jordan kalkaska leelanau leland leroy luther mackinaw bliss pellston mancelona manistee arcadia kaleva keddie norconk onekama wellston marion mason ludington scottville mcbain missaukee montmorency hillman wright lewiston morton oscoda fairview otsego johannesburg vanderbilt pathfinder pentwater petoskey presque isle grand millersburg onaway posen rogers reed richfield richland seville shelby surrey suttons bay bingham tahquamenon topinabee undc elk walton erickson white pine
upsem	Union Presbyterian Seminary		college
uregina	University of Regina	Canada	college
urichmond	University of Richmond	USA	college
usace	HECSA	USA	company
usawc	U.S. Army War College		company
usd	University of South Dakota	USA	college
usfhealthsci	USF Health Libraries	USA	college
usfooddrug	U.S. Food and Drug Administration – OIFSSP	USA	company
usfws	US Fish and Wildlife Service	USA	company
uskindle	OverDrive Kindle Demo		public
usmma	U.S. Merchant Marine Academy		college
usplibrary	US Pharmacopeial Convention Inc  USP		company
uspsoig	USPS Office of Inspector General		company
ussenatelib	US Senate Library	USA	company
usstratcom	US Strategic Command	USA	company	dept defense
usturkmenistan	U.S. Embassy Ashgabat	USA	company
usu	Utah State University	USA	college
utadeo	Universidad de Bogota Jorge Tadeo Lozano	Colombia	college
utahcf	Utah Correctional Facilities	USA	company
utchattanooga	The University of Tennessee, Chattanooga	USA	college
utltoronto	University of Toronto	Canada	college
uwashington	University of Washington		college
uwisconsin	University of Wisconsin System	USA	college	eau claire green bay crosse oshkosh parkside platteville river falls stevens point stout superior whitewater
uwlib	Uiwang City Library	South Korea	public
uws	Western Sydney University	Australia	college
v3r	Bibliotheques de Trois-Rivieres		public
vadoc	Virginia Department of Corrections	USA	company
valeofglamorgan	Vale of Glamorgan Libraries	United Kingdom	public	barry cowbridge dinas powys activities llantwit major penarth rhoose athan hub sachal sully lavernock trust wenvoe limited
valero	Valero Development Library		company	energy
valnet	Valnet		public	asotin heights bovill clearwater craigmont culdesac deary genesee grangeville centennial juliaetta kamiah kooskia lapwai lewiston moscow nezperce peck potlatch troy winchester
vanderbilt	Vanderbilt University		college
vaniercollegelibrary	Vanier College	Canada	college
vassar	Vassar College	USA	college
vastraskaraborg	Bibliotek Västra Skaraborg	Sweden	public
vattenfall	Vattenfall Open Mind Library		company
vaudreuildorion	Bibliothèque de Vaudreuil-Dorion	Canada	public
vaughanpl	Vaughan Public Libraries	Canada	public
vbpl	Virginia Beach Public Library	USA	public
vcc	Vancouver Community College	Canada	college
vccs	Virginia Community College System	USA	college	blue ridge dabney lancaster danville eastern shore germanna fredericksburg locust sargeant reynolds john tyler chester midlothian lord fairfax fauquier middletown mountain empire new river northern patrick henry paul camp franklin oliver kermit hobbs piedmont rappahannock glenns warsaw southside christanna daniel southwest thomas nelson williamsburg hampton tidewater office highlands peninsula western wyethville
vcfa	Vermont College of Fine Arts	USA	college
vdl	Valley Digital Library		public	florence lauderdale guntersville huntsville madison cavalry hill gurley monrovia new hope tillman triana oneonta
vecima	Vecima Networks Inc.		company
vhy	Veterans Home of California	USA	company	vhy
viapath	ViaPath Corrections Library		company
viax	Viax	Japan	company	digital
victoria	Victoria University	Australia	college
vikingdigitallibrary	Viking Library System	MN, USA	public	browns valley douglas elbow lake thorson mem fergus falls glenwood hancock morris new york mills pelican rapids multicultural learning perham wheaton
villagelearning	Village Learning Place, Inc.		company
virginislands	Public Library Services of the Virgin Islands		public
virl	Vancouver Island Regional Library	Canada	public	bella coola bowser campbell river chemainus comox cortes courtenay cowichan lake cumberland daajing giids gabriola gold hornby ladysmith masset nanaimo harbourfront wellington parksville port alberni alice clements hardy mcneill renfrew quadra qualicum beach sandspit sayward sidney saanich sointula sooke tahsis tofino ucluelet union bay woss
virtuallibrary	Virtual Library of Wyoming	USA	public	albany centennial valley rock river big horn deaver frannie greybull hyattville lovell campbell carbon casper converse glenrock crook eastern fremont dubois riverton gillette goshen hot springs johnson kaycee laramie burns pine bluffs lincoln alpine cokeville kemmerer barge star thayne natrona edgerton niobrara northwest nwc park meeteetse powell platte chugwater glendo guernsey sheridan clearmont story tongue sublette piney sweetwater bairoil farson granger reliance superior wamsutter white mountain teton uinta lyman view washakie ten sleep western weston upton wyld network
virtualmerri-bek	Merri-bek Libraries	Australia	public
voebb	Verbund der Öffentlichen Bibliotheken Berlins (VÖBB)	Germany	public	adolf reichwein bibliothek amerika gedenkbibliothek anna seghers anton saefkow berliner stadtbibliothek bettina von arnim bezirkszentralbibliothek pablo neruda tempelhof schoneberg eva maria buch haus luisenbad schafersee stadtteilbibliothek reinickendorf ost wasserturm markisches viertel fontane tiergarten sud bodo uhse bruno losche dietrich bonhoeffer eberhard alexander burgh edith stein lichtenrade egon erwin kisch ehm welk else ury erich weinert friedrich raumer gertrud junge gemeinschaftshaus kolmar nord gottfried benn hansabibliothek hauptbibliothek spandau heinrich boll schulz mit musikabteilung kleist helene nathan humboldt ingeborg bachmann drewitz janusz korczak johanna moosdorf johannes bobrowski friedrichshagen kurt tucholsky mitte pankow manfred bofinger alt treptow margarete kubicka mark twain mittelpunktbibliothek kopenick alter markt alte feuerwache wilhelm liebknecht namik kemal philipp schaeffer schiller hugo jugendmedienetage altglienicke falkenhagener feld frohnau halemweg haselhorst heerstra karow kaulsdorf kladow lankwitz mahlsdorf marienfelde stefan heym adlershof theodor heuss thomas dehler servicezentrum wolfdietrich schnurre
volusia	Volusia County Public Library		public	daytona beach debary deland edgewater hope place john dickerson heritage lake helen new smyrna oak hill orange ormond pierson port support
vpl	Vancouver Public Library	Canada	public
vppl	Virginia Piedmont Public Libraries	VA, USA	public	amherst bedford big island campbell forest robert jamerson lynchburg downtown madison heights moneta smith mountain lake montvale patrick henry staunton river stewartsville libray timbrook
vsulibrary	Virginia State University	USA	college
vvclibrary	Victor Valley College	USA	college
wabash	Wabash College	USA	college
waggalibrary	Wagga Wagga City Library		public
waggin	Southwest Library District		public	avella bentleyville brownsville burgettstown california carnegie charleroi chartiers houston citizens donora eva bowlby flenniken frank sarris fredericktown german masontown greene heritage marianna monongahela peters uniontown
wakefielduk	Wakefield Libraries and Information Services		public
wakeforest	Wake Forest University		college
wakegov	Wake County Public Libraries	USA	public	athens drive cary duraleigh road eva perry express fayetteville street fuquay varina green holly springs leesville middle creek morrisville northeast oberlin olivia raney local history richard harrison southeast southgate forest wendell zebulon
wallace	George C Wallace State Community College-Selma	USA	college
walsalluk	Walsall Libraries		public
walterpmoore	Walter P Moore		company
wapldmc	Western Australia Public Libraries	Australia	public	albany bassendean beacon bencubbin bindoon boddington boyup brook bremer bay bridgetown brookton broome byford cambridge carnamah carnarvon christmas island armadale corporate bayswater bunbury busselton canning gosnells joondalup kalamunda karratha melville nedlands perth rockingham stirling swan vincent wanneroo claremont cockburn cocos keeling islands collie coorow corrigin cue cunderdin dalwallinu darkan denmark derby kimberley dongara donnybrook dowerin dumbleyung esperance exmouth frankland fremantle gascoyne junction gnowangerup shire goomalling greater geraldton green head halls creek hopetoun hyden iluka capel jerramungup resource kalbarri kambalda katanning kellerberrin kojonup kondinin koorda kulin kununurra kwinana lake grace king lancelin laverton leeman leonora mandurah manjimup meekatharra menzies merredin mingenew morawa magnet marshall council mukinbudin murchison murray nabawa nannup narrogin newdegate norseman northam region northampton nungarin nyabing ongerup perenjori pingelly pingrup plantagenet quairading ruth faulkner sandstone shark ashburton augusta margaret river beverley broomehill tambellup bruce rock dandaragan badgingarra cervantes jurien dardanup gingin harvey australind binningup yarloop kent moora mundaring ravensthorpe
warrenwilson	Warren Wilson College	USA	college
warwick	University of Warwick	United Kingdom	college
warwickshiregb	Warwickshire Library and Information Service	United Kingdom	public
washoecounty	Washoe County Library System	USA	public	downtown reno duncan traner gerlach incline valleys northwest senior sierra view spanish springs sparks verdi nature
waterfordlib	Waterford City & County Libraries	Ireland	public
waverley	Waverley Library	Australia	public
wavetronix	Wavetronix		company
wbrl	Wood Buffalo Regional Library	Canada	public
wccls	Washington County Cooperative Library Services		public	aloha banks beaverton murray scholls bethany cedar mill cornelius forest grove garden home hillsboro brookwood shute park plains sherwood tigard tualatin wccls mail slope
wcdpl	Wood County District Public Library		public	walbridge
wcjc	Wharton County Junior College	USA	college
wcl	Wellington City Libraries	New Zealand	public	korimako cummings park moe brooklyn motu kairangi miramar nga puna waiora newtown otari wadestown tapu ranga island bay tari kaka khandallah awa taia ruth gotlieb kilbirnie mahanga karori matapihi nui takapu patukawenga mervyn kemp tawa waitohi johnsonville
wcu	Western Carolina University	USA	college
weatherford	Weatherford College	USA	college
webfx	WebFX		company
weizmann	The Weizmann Institute of Science	Israel	college
weldcounty	Weld County Correctional Jail		company
wellstown	Wells Public Library		public
westbanklibrary	Westbank Community Library District		public
westcaldwellnj	West Caldwell Public Library		public
westchester	Westchester Library System		public	montrose hendrick hudson salem ruth keeler peekskill field pelham tarrytown warner yorktown john hart ardsley bedford hills briarcliff manor bronxville chappaqua crestwood croton dobbs ferry eastchester bellows elementary greenburgh grinton will harrison hastings huguenot childrens irvington katonah larchmont lewisboro mamaroneck kisco pleasant vernon new rochelle castle white plains ossining port chester rye brook pound ridge purchase reading room scarsdale somers tuckahoe yonkers
westdunbartonuk	West Dunbartonshire Libraries		public	alexandria balloch clydebank dalmuir dumbarton duntocher faifley parkhall
westerncape	Western Cape Provincial Library	South Africa	public	abbotsdale adriaanse albertinia algeria ashbury ashton athlone aurora avian park avondale avontuur mini barrydale beaufort belhar bella vista bellville bereaville berg dal berghoff bergplaas depot bergrivier bergsig bettie julius bishop lavis bitterfontein blanco bloubergstrand bongolethu bonnievale bonteheuwel bothasig botrivier brackenfell brackenhill wheelie wagon brakfontein brandwag bredasdorp bridgetown bridgton brooklyn browns farm buffelsjags bay buffelsjagsrivier buffelsnek buisplaas caledon calitzdorp camps ceres chicago citrusdal langenhoven claremont cloetesville colin eglin sea point collection development unit conville crossroads dalmeida darling noord doorns rust delft denneprag primary diazville doringbaai drakenstein noon duivenhoks durbanville dwarskersbos dysseldorp ebenhaeser edgemead eendekuil eerste rivier eikendal elands elim ellen van rensburg elsies eluxolweni esselen eureka fairhills fairview fisantekraal fish hoek franschhoek friemersheim gansbaai genadendal george goedverwacht goldnerville goodwood gordons gouda goudini gouritsmond graafwater grabouw grassy green valley greenhaven greyton groenberg groendal groenheuwel gugulethu haarlem hangberg hanover happy harare harold krumm hartenbos hawston heidelberg heideveld herbertsdale hermanus hermon hoeko hoekwil dep
westleihe24	Westleihe24	Germany	public	bucherei langerwehe gemeindebucherei blankenheim weilerswist stadtbibliothek euskirchen meerbusch
westlothianuk	West Lothian Libraries		public
westmeathie	Westmeath County Library	Ireland	public
westmoreland	Westmoreland County Libraries		public	adams caldwell belle vernon delmont derry high greensburg hempfield jeannette ligonier valley manor monessen pleasant murrysville new alexandria florence norwin penn peoples lower burrell rostraver scottdale sewickley smithton trafford vandergrift newton network youngwood
westmount	Westmount Public Library		public
westportlibrary	The Westport Library		public
westsussexuk	West Sussex County Council	United Kingdom	public	angmering arundel ashurst aided primary billingshurst bognor regis broadfield broadwater burgess hill chichester crawley durrington grinstead preston ferring findon valley goring hassocks haywards heath henfield horsham hurstpierpoint lancing littlehampton midhurst petworth pulborough rustington selsey shoreham sompting southbourne southwater southwick steyning storrington whytemead willowhale witterings worthing
westtexas	West Texas Digital Consortium	USA	public	andrews wolfforth cochran love crane crosby lorenzo ralls dawson dickens spur ector gaines seagraves hockley sundown howard kendrick lamb marathon martin midland centennial muleshoe olton post springlake earth unger winkler wink yoakum cecil bickley
wexfordie	Wexford County Council Public Libraries	Ireland	public
wfld	BlueCross BlueShield of Kansas	USA	company	blue cross shield
wfp	United Nations World Food Programme		company	wfp research
whdl	WHDL Lending Library		company
wheaton	Wheaton College	USA	college
whitby	Whitby Public Library	Canada	public	brooklin rossland
whitman	Whitman College	USA	college
whittierpubliclibrary	Whittier Public Library		public	whittwood
whuedu	WHU - Otto Beisheim School of Management	USA	college
wichita	Wichita Public Library		public	advanced learning ronald walters evergreen ford rockwell lionel alford maya angelou northeast westlink
wicklowie	Wicklow County Library	Ireland	public
wiganuk	Wigan Libraries		public	ashton aspull atherton golborne hindley hope ince lamberhead green leigh marsh platt bridge shevington standish tyldesley
wildanimalinitiative	Wild Animal Initiative		company
williammary	William & Mary	USA	college
willowbrookbaptist	Willowbrook Baptist Church		company
wiltshirelibsuk	Wiltshire Council Libraries		public	aldbourne amesbury box bradford calne chippenham corsham cricklade devizes downton durrington ludgershall lyneham malmesbury market lavington marlborough melksham mere netheravon pewsey purton ramsbury royal wootton bassett salisbury tidworth tisbury trowbridge warminster westbury wilton
windsorca	Windsor Public Library		public
winnipeg	Winnipeg Public Library	Canada	public	bibliotheque boniface bill helen norrie charleswood cornish garry harvey smith end henderson louis riel munroe osborne pembina trail sir william stephenson james assiniboia johns vital transcona kildonan westwood windsor park
winterparklibrary	Winter Park Library		public
wiscal	Wisconsin Academic Library Consortium	USA	college	blackhawk technical carroll edgewood fox valley gateway lakeshore marquette milwaukee moraine park mary nicolet northeast northwood sacred heart seminary theology norbert waukesha western
wisetechglobal	WiseTech Global		company
witcc	Western Iowa Tech Community College	USA	college
wneuniversity	Western New England University	USA	college
wnmu	Western New Mexico University	USA	college	miller
wokinghamuk	Wokingham Libraries	United Kingdom	public
wongdoody	Wongdoody		company
woodlands	Woodlands Downloadable Library	MI, USA	public	adrian athens bath bellevue algansee bronson coldwater quincy sherwood union burlington burr oak camden charlotte clinton colon constantine delta delton dewitt dorothy hull dowling lansing eaton rapids spindler hillsdale homer hudson carnegie jonesville lenawee addison britton clayton deerfield luella reynolds onsted litchfield lyons marshall mendon milan monroe bedford blue bush carleton dorsch dundee ellis reference info erie frenchtown dixie ida navarre maybee newport rasey robert vivian rockwood summerfield petersburg mulliken adams nottawa pittsford portland potterville benton putnam reading schoolcraft schultz holmes stair sunfield tecumseh tekonsha vermontville waldron white pigeon
woollahra	Woollahra Libraries	Australia	public
wplc	Wisconsin Public Library Consortium	USA	public	bridges alice baker big bend brookfield butler delafield dwight foster elm grove hartland jefferson johnson creek karl junginger fargo menomonee falls mukwonago muskego new berlin oconomowoc pauline haass pewaukee powers hall watertown waukesha whitewater brown ashwaubenon kress family pulaski southwest weyers hilliard wrightstown fond lac allen buechel ifls altoona amery augusta baldwin balsam lake barron boyceville bruce cadott calhoun cameron centuria chippewa clarella hackett clear colfax cornell moon deer park durand elk mound ellsworth elmwood fairchild fall frederic bleskacek geraldine anderson glenwood hammond hawkins hazel mackin hudson phillips luck menomonie milltown richmond ogema pepin plum prescott rice river rusk somerset spring valley croix thomas angelo turtle wilberg woodville kenosha salem lakes twin kpl kids uptown lofts northside neighborhood simmons manitowoc calumet brillion chilton kiel lester holstein milwaukee federated cudahy franklin greendale greenfield hales corners atkinson bay view capitol street good hope martin luther king mitchell tippecanoe villard square washington zablocki
wplibs	Western Plains Library System		public	cheyenne clinton cordell hazel cross minnie slief seiling sentinel thomas weatherford digital downloads
wrexhamuk	Wrexham County Library		public
wrl	Williamsburg Regional Library		public	james
wscclibrary	Wallace State Community College-Hanceville	USA	college
wtcpl	Warren-Trumbull County Public Library	OH, USA	public
wuppertal	Stadtbibliothek Wuppertal	Germany	public
wvdeli	West Virginia Downloadable Entertainment Library Initiative	USA	public	bridgeport cheat clarksburg harrison clay battelle clinton fairmont state fairview fayette ansted fayetteville gauley bridge meadow montgomery hope oak hill glenville kanawha clendenin cross lanes dunbar elk valley glasgow marmet nitro riverside sissonville albans lowe mannington marion mary weir weirton hancock morgantown nutter ohio robert kidd charleston southern
wvreads	West Virginia Reads	USA	public	boone madison barrett wharton coal river whitesville brooke follansbee cabell cowen craft doddridge gilmer greenbrier jackson louis bennett mason mcdowell bradshaw iaeger northfork moundsville marshall parkersburg wood princeton putnam buffalo eleanor hurricane poca raleigh ritchie sutton taylor upshur clay vienna webster addison commission blennerhassett middle edison hamilton neale elementary high wyoming hanover mullens oceana
wvu	West Virginia University	USA	college
wvuparkersburg	West Virginia University at Parkersburg	USA	college
ww2museum	The National WWII Museum Hilliard Research Library		company
wyevalleynhs	Wye Valley NHS Trust		company
wzlib	Wenzhou Library (温州市图书馆)		public
xhlib	Shanghai Xuhui District Library		public
xs	Beijing Xicheng Children's Library (北京市西城区青少年儿童图书馆)		public
xzlib	Xiangzhou Library		public
yale	Yale University	USA	college
yaleclub	The Yale Club of New York City		company
yamagata-e-lib	Yamagata City Library	Japan	public
yamecity-lib	Yame City Library	Japan	public
yarralibraries	Yarra Libraries	Australia	public	carlton collingwood fitzroy richmond
ycl	York County Libraries		public	arthur hufnagel glen rock collinsville dillsburg dover glatfelter guthrie kaltreider benfer kreutz creek martin mason dixon paul smith southern red land
yclibrary	York County Library		public	clover mill lake wylie rock hill
yedi	York Entrepreneurship Development Institute		college
ylefi	Yle		company
yln	Yavapai Library Network	USA	public	ash fork bagdad beaver creek black canyon camp verde chino valley clark sedona congress cordes lakes cottonwood crown king dewey humboldt jerome mayer paulden prescott seligman spring wilhoit yarnell yln
ylpl	Yorba Linda Public Library	USA	public
ymcagreatersa	YMCA of Greater San Antonio		company
yoichi-library	Yoichi Town Library	Japan	public
yolocounty	Yolo County Library		public	arthur turner clarksburg esparto knights landing mary stephens davis winters
yonginlib	YongIn City Library	South Korea	public
yorkcountyva	York County Public Library	USA	public	tabb yorktown
yorkcpmags	York County Prison, Pennsylvania	USA	company
yorkhills	York Hills Centre for Children, Youth and Families		company
yorklibraries	York Libraries	United Kingdom	public	acomb explore bishopthorpe clifton copmanthorpe dringhouses dunnington fulford haxby wigginton hungate reading cafe huntington new earswick poppleton rowntree park strensall tang hall stadium
yorkrp	York Regional Police		company
yorku	York University		college
youngstown	The Public Library of Youngstown and Mahoning County		public	austintown boardman brownlee woods campbell canfield greenford michael kusalaba newport poland sebring springfield struthers tri lakes
yourlibraryca	Richmond Public Library	Canada	public
yslib	Yangsan Library	South Korea	public
yspubliclib	Songdo International Children's Library	South Korea	public
yubaccd	Yuba Community College District		college
yukon	Yukon Public Libraries	Canada	public	beaver creek burwash landing carmacks dawson faro haines junction isabelle pringle mayo old crow pelly crossing ross river tagish teslin watson lake whitehorse
yuma	Yuma County Library District		public	dateland foothills heritage roll san luis somerton wellton
yuseonglib	Yuseong-gu Library	South Korea	public
yvl	Yakima Valley Libraries		public	buena granger harrah mabton moxee naches selah southeast summitview sunnyside terrace heights tieton toppenish mary goodrich wapato white swan zillah
zayeduni	Zayed University	United Arab Emirates	college
zionserangoon	Zion Serangoon B-P Church	Singapore	company
zjlib	Zhejiang Library (浙江图书馆)		public
zslib	Zhongshan Public Library (中山市中山图书馆)		public
zwf	ZENSHO Group Worker's Federation		company
